Patient_ID,DICE_Edema,HD95_Edema,DICE_Enhancing and Non-Enhancing,HD95_Enhancing and Non-Enhancing,DICE_Necrosis,HD95_Necrosis
000,0.0,373.12866,0.007021650087770626,26.182053182011195,0.0,373.12866
001,0.0,373.12866,0.01084010840108401,14.866068747318506,0.0,373.12866
002,0.0,373.12866,0.5114739703821279,5.0,0.0,373.12866
003,0.0,373.12866,0.05418340765596715,34.132096331752024,0.0,373.12866
004,0.0,373.12866,0.0,373.12866,0.0,373.12866
005,0.0,373.12866,0.06577174382833753,22.561028345356956,0.0,373.12866
006,0.0,373.12866,0.11633733572846743,33.166247903554,0.0,373.12866
008,0.0,373.12866,0.48428310687487325,13.351020088159665,0.0,373.12866
009,0.0,373.12866,0.0006240574132820219,18.411952639521967,0.0,373.12866
010,0.0,373.12866,0.007692307692307693,11.749464424374771,0.0,373.12866
011,0.0,373.12866,0.009663686048053267,26.94438717061496,0.0,373.12866
012,0.0,373.12866,0.0,373.12866,0.0,373.12866
