paciente,Vista_1A,Vista_1B,Vista_2A,Vista_2B
NN-001,True,True,True,False
NN-002,True,True,False,True
NN-003,True,True,True,True
NN-004,True,True,True,True
NN-005,False,False,True,True
NN-006,False,False,True,True
NN-007,True,True,True,True
NN-008,False,False,True,True
NN-009,True,False,True,True
NN-010,True,True,True,True
NN-011,True,False,True,True
NN-012,True,True,True,True
NN-013,True,False,True,True
NN-014,True,True,True,True
NN-015,True,True,True,True
NN-016,True,True,True,True
NN-017,False,True,True,True
