Patient_ID,DICE_Edema,HD95_Edema,DICE_Enhancing,HD95_Enhancing,DICE_Necrosis and Non-Enhancing,HD95_Necrosis and Non-Enhancing
000,0.9016835225424753,2.8284271247461903,0.08112830753869196,6.082762530298219,0.005061267980820458,12.34097466721245
001,0.8705243342876191,3.1622776601683795,0.0026333113890717576,5.385164807134504,0.18205746874314543,3.0
002,0.46602135847924964,3.7416573867739413,0.48408564814814814,4.58257569495584,0.015030625402965828,6.082762530298219
003,0.8650697596831267,3.4641016151377544,0.029384489499045367,4.0,0.1263368767973117,6.4031242374328485
004,0.0,373.12866,0.5212749733109654,5.385164807134504,0.3942622086277819,5.0990195135927845
005,0.8025049491365962,3.1622776601683795,0.07505915476083505,7.0,0.010259374322664548,5.0
006,0.8904893017300789,3.605551275463989,0.012200919030264617,6.0,0.27424998833574393,2.8284271247461903
007,0.8673912061096299,4.242640687119285,0.17277426766226306,6.4031242374328485,0.004092441020702937,11.271467746269305
008,0.8335802896418953,3.7416573867739413,0.06790782651210067,7.280109889280518,0.024425158808266977,8.06225774829855
009,0.7638080976789725,3.3166247903554,0.029156376961682468,5.477225575051661,0.031078066914498142,5.916079783099616
010,0.6378740229141175,14.7648230602334,0.07248080526064435,6.928203230275509,0.017596134487618282,6.0
011,0.7594783543963431,2.8284271247461903,0.3031536113936928,6.324555320336759,0.13560300057703403,3.3166247903554
012,0.751366878757146,5.830951894845301,0.01908122119815668,6.082762530298219,0.067560754260361,7.54983443527075
013,0.871679345282793,4.0,0.050693802035152634,5.830951894845301,0.11919384136320388,4.69041575982343
014,0.12496090084454176,14.866068747318506,0.19625489911453042,5.0,0.0004935834155972359,5.0
015,0.8427294832826747,4.123105625617661,0.07412249823996782,9.203226537078367,0.03973239781349433,7.211102550927978
016,0.4949633029015932,13.152946437965905,0.13326339778256072,4.58257569495584,0.15982298409145823,6.0
017,0.7150196342506072,7.0,0.023787431463517503,17.804493814764857,0.05076113163939338,18.259239307535562
