Patient_ID,DICE_Edema,HD95_Edema,DICE_Enhancing,HD95_Enhancing,DICE_Necrosis and Non-Enhancing,HD95_Necrosis and Non-Enhancing
001_001,0.8825469506182634,2.23606797749979,0.8983234013647451,1.0,0.9486255924170616,1.7320508075688772
002_001,0.7456223230032754,5.0990195135927845,0.30154577883472056,17.916472867168917,0.2881430455811227,15.165750888103101
044_001,0.520984782397984,9.16515138991168,0.0,373.12866,0.23659319871541068,13.45362404707371
056_001,0.019230769230769232,83.9017271191635,0.0,33.38113168982849,0.0,373.12866
000_002,0.4460100972044307,4.242640687119285,0.008205849598499501,21.104482701524084,0.2476057168115515,11.224972160321824
003_002,0.6520277207392197,8.12403840463596,0.5471933471933472,6.0,0.8092274536538165,3.605551275463989
021_002,0.0,71.56814934033156,0.0,373.12866,0.0,75.83666597439162
037_002,0.5018660877581669,9.433981132056603,0.40987163261616344,32.66496594212215,0.00034280327377126453,33.075670817082454
040_002,0.013065124176235288,63.20838526724988,0.0,94.69926051938776,0.0,82.00609733428362
047_002,0.5499503042350489,60.41522986797286,0.8391882888884887,5.0990195135927845,0.6927710843373494,9.055385138137417
002_003,0.6362013355296253,43.104499152002404,0.3962892911825633,7.681145747868608,0.810373310567339,6.4031242374328485
014_003,0.0,67.86125546347435,0.0,35.30925699203002,0.0,373.12866
027_003,0.0,58.43543169512542,nan,0,0.0,373.12866
038_003,0.227017666770213,21.118712081942874,0.38666448766138256,31.76476034853718,0.17099317799238062,38.09002465245747
001_004,0.8119541017297482,62.901907646945986,0.8993155524620073,1.0,0.8880227536079216,2.8284271247461903
002_004,0.5994913098770666,66.40783086353596,0.009415706322386853,22.561028345356956,0.7715866989891598,7.0
020_004,0.18731929340222725,74.33034373659252,0.39413249969941083,10.781910667299748,0.6765485528807141,4.123105625617661
038_004,0.0005619631245149723,76.61592523751182,0.0,90.74690077352504,0.0,89.76608490140482
041_004,0.5313182016586644,49.322399419161066,0.03963046106026593,17.146428199482248,0.2145753506193966,22.9455800583076
057_004,0.7554243000162499,9.273618495495704,0.3506742887412541,40.47221268969612,0.2385244929427114,22.516660498395403
071_004,0.6705327656865475,63.75147048082276,0.0,51.95190083144215,0.0,30.557296067009307
086_004,0.6135965920138582,21.863211109075447,0.4591953293565173,13.99642400437688,0.11957796014067995,7.0710678118654755
001_005,0.015740187288304442,79.03163923391695,0.0,100.13366065077662,0.0,101.15730284020331
002_005,0.45341092790171356,70.45104675263065,0.09142227729588324,17.18136160024402,0.8032067378484695,6.0
015_005,0.00042419314928063913,82.28000972289685,0.0,116.91599546614346,0.0,118.79436012132186
000_006,0.9115424098992029,2.23606797749979,0.9167980381853215,1.0,0.862577197332553,2.23606797749979
001_006,0.7648036654699876,34.785054261852174,0.0005298013245033113,29.422777785265392,0.9062273330384786,4.123105625617661
015_006,0.5060016507487325,31.22818844963771,0.0502839682486964,12.206555615733702,0.7094294079520819,7.54983443527075
027_006,0.41178904777231135,15.427248620541512,0.002710394362379726,21.97726097583591,0.660024154589372,8.218824935521985
039_006,0.2936185837971552,30.740852297878796,0.03403093721565059,11.704699910719626,0.42306233968997436,12.727922061357855
053_006,0.34638143333363447,28.231188426986208,0.02062306658750742,16.76305461424021,0.5147772781170996,10.344080432788601
067_006,0.4275128656113608,19.8997487421324,0.006813880126182966,19.87460691435179,0.7212780832204106,10.04987562112089
083_006,0.20794595079369824,39.03844259188627,0.0,20.591260281974,0.09370511195606253,26.570660511172846
097_006,0.4186750316662841,80.03749121505496,0.007184553210597216,32.95451410656816,0.6844606482741108,11.224972160321824
112_006,0.3952408728795276,83.95832299420945,0.0,36.89173349139343,0.5118488811921797,13.379088160259652
114_006,0.17246286269609884,33.365400610557735,0.0,33.26710015244931,0.0018872033098642665,24.515301344262525
121_006,0.2020690964312832,66.2514149986331,0.001926596666987766,107.97036610226422,0.0,34.72247043083778
131_006,0.20556539181873074,61.087227040761746,0.3247813411078717,78.09097254767038,0.42226093015154154,84.38394348599303
135_006,0.3302702059278657,66.49172862720447,0.1437468153767763,21.118712081942874,0.4516934922390138,16.881943016134134
000_007,0.8214142484204154,7.0710678118654755,0.8382752187827036,1.4142135623730951,0.8388442590209045,3.7416573867739413
001_007,0.7946809230561007,5.477225575051661,0.0011098163253981466,23.68543856465402,0.6715650571954929,7.810249675906654
015_007,0.0,71.84010022264724,0.0,373.12866,0.0,77.68526243760782
028_007,0.0,71.21797422069918,0.0,373.12866,0.0,373.12866
041_007,0.014436484934653031,68.9492567037528,0.0,373.12866,0.0,31.600627206112645
055_007,0.0,63.08724118235002,0.0,77.94228634059948,0.0,72.10963762515009
064_007,0.14434547064645517,38.2099463490856,0.0,62.2390549982869,0.0,373.12866
075_007,0.5261581288389966,43.01162633521314,0.34967320261437906,30.692018506445613,0.2027140224493215,38.3275357934736
089_007,0.01692341071816012,46.89029640068268,0.07470386726649883,63.190189111918315,0.025672288830183566,55.87754152231345
105_007,0.3665984231389119,15.297058540778355,0.3174855990018847,23.430749027719962,0.10832429501084599,30.34962892002612
000_008,0.4253044316300071,74.32361670424818,0.4689449416870084,86.760301555615,0.035510067860718655,98.27690468320317
002_008,0.08596760612214573,71.73074647455515,0.0,80.23091673413684,0.0,92.24424101265076
017_008,0.7299347595205583,11.357816691600547,0.19249701670644392,21.09027731674099,0.36821577933367794,23.84112760835064
066_008,0.13240855032426183,53.833539693234485,0.0,373.12866,0.07452538631346578,21.6794833886788
085_008,0.28606645954342835,39.06404996924922,0.05700871898054997,97.28386298164845,0.0,23.173260452512935
001_009,0.8760569936127848,4.242640687119285,0.914849044978435,1.0,0.41984184040258804,5.477225575051661
002_009,0.001734761695560587,55.467557919139374,0.0,70.2777575795967,0.0,72.47758274114831
014_009,0.005198358413132695,47.80167361086848,0.0,54.18486873657626,0.0,58.267486588779356
015_009,0.5003465589234697,28.909340080601385,0.03723713739506276,17.146428199482248,0.7008897177974134,23.874672772626646
024_009,0.013541339475796601,72.78564412816229,0.0,85.11903426103041,0.0,84.05950273467003
066_009,0.002068622575832919,40.47221268969612,0.0,100.87491905739238,0.0,101.26203632161463
000_010,0.00182276791158292,75.21070395858021,0.0,98.52715358630438,0.0,97.32933781753577
001_010,3.6862622222631804e-05,72.83714705536474,0.0,98.71701980297767,0.0,101.95587280779857
015_010,0.3804198260971397,10.344080432788601,0.7025326932627048,8.602325267042627,0.46717817561807334,6.164414002968976
000_011,0.5228078714971143,54.01851534427802,0.20405789609718272,14.866068747318506,0.3119292237442922,16.0312195418814
003_011,0.7067182112631909,5.0,0.048541575968654764,9.899494936611665,0.5347024434117823,5.744562646538029
021_011,0.6646708914894445,91.6624241442479,0.6948480845442536,2.23606797749979,0.07142857142857142,4.867694926704916
024_011,0.0771898991767644,72.222572021527,0.0,36.24913792078372,0.0,32.264531609803356
028_011,0.010908254569748211,59.60956286726009,0.0,83.4772421611933,0.0,83.2586331859946
001_012,0.5128426936385414,6.324555320336759,0.8204515321842729,1.7320508075688772,0.9521188772702256,1.0
002_012,0.41302635034579355,6.4031242374328485,0.009602528260605325,21.39509050088251,0.3764408082086516,6.324555320336759
016_012,0.46327105195802404,12.165525060596439,0.23306041784302653,23.62202362203543,0.1390657504885583,16.792855623746664
022_012,0.45158529191483293,22.9314181712224,0.06856563020946582,21.095023109728988,0.0826256305472192,14.17215019050379
048_012,0.4952814660375288,75.10559220889509,0.0,28.460498941515414,0.40757434593206254,34.79942528261063
073_012,0.006657665626891383,75.07329751649384,0.0,102.7961572801308,0.0,77.94228634059948
084_012,0.5750991453946266,40.36087214122113,0.0,97.02242005824296,0.0,70.57478297500232
000_013,0.48879509890543194,19.026297590440446,0.3856700303653038,18.681541692269406,0.5989270037392294,11.357816691600547
001_013,0.7347408763201086,4.123105625617661,0.03148263027295285,15.7797338380595,0.6361698003489048,5.196152422706632
017_013,0.00839784351672657,58.29236656715869,0.0,55.73373972125063,0.0,52.17758117279066
030_013,0.01773415044199794,26.795522013948524,0.30404017347637524,22.10315388212887,0.0,8.81646386752951
000_014,0.011949996627470379,74.43789357578571,0.0,88.02840450672726,0.0,90.73091913761765
001_014,0.7281326539230314,71.09149034870488,0.05800398066533978,15.524174696260024,0.7391279534299737,5.0
012_014,0.0,93.83496150156401,0.0,93.63866683693745,0.0,85.99999941034953
001_015,0.005480064866073925,61.64008315922528,0.002139733928737557,56.302753041036986,0.0,83.92019975904462
002_015,0.34257343814646257,52.23983154643591,0.0,20.688160865577203,0.6558028489480684,7.0
021_015,0.028609546397865403,78.33836860908845,0.0,373.12866,0.0,373.12866
037_015,0.27358594179022516,74.62573282722254,0.0,373.12866,0.00032159511175430133,20.6179520593345
056_015,0.0,68.85782421559328,0.0,373.12866,0.0,373.12866
078_015,0.736162223056703,9.433981132056603,0.00022053958685584063,35.58089374931439,0.33740443781465596,10.0
083_015,0.48892047289876606,55.29511714213903,0.0,36.732138043747355,0.5217024507529422,8.48528137423857
084_015,0.0,55.68662316930342,0.0,76.27941893631983,0.0,78.81402153705645
099_015,0.6684601913657013,54.04442604287434,0.0,373.12866,0.24190064794816415,10.954451150103322
111_015,0.6893348966595397,49.55855118106143,0.0,373.12866,0.15515485532858084,11.445523142259598
126_015,0.6566776781500708,51.615888881116845,0.0,373.12866,0.10826548767994824,14.212670403551895
140_015,0.8174236572023144,43.78583864642401,0.0918328942416259,43.116122274620196,0.0,44.44772119003781
145_015,0.007085401091918525,49.82971001320397,0.0,89.11228871485683,0.0,90.5162964436515
146_015,0.7907008992643643,44.31026934517915,0.023483166143400465,29.13760456866693,0.141155712395236,14.45683229480096
001_016,0.575106835696533,50.33288885443981,0.8266008114305874,1.4142135623730951,0.9318153996817236,1.0
002_016,0.0007699584222451987,78.11529939774923,0.0,373.12866,0.0,373.12866
000_017,0.6517387477741163,7.0710678118654755,0.749681174585527,2.449489742783178,0.8524358339814749,2.449489742783178
001_017,0.18564150248929698,78.27930703013871,0.414082745062997,60.834200707132446,0.38294726466239526,17.029386365926403
016_017,0.6748380612016975,64.07807737440318,0.7559512289529707,1.7320508075688772,0.9123867069486404,2.23606797749979
035_017,0.8344998721385072,19.019723192830334,0.7826339648959665,5.477225575051661,0.7312684850476503,9.0
000_018,0.6638046827675209,57.445626465380286,0.8528052805280528,1.0,0.6363636363636364,2.8284271247461903
003_018,0.018535301225617123,75.13321502504735,0.0,83.37865369566633,0.0,88.82848602059894
017_018,0.0011833184085966483,58.834088054018515,0.0,59.77290229565014,0.0,57.998273299361806
034_018,0.6266268124686705,53.61809024151184,0.2918760469011725,6.4031242374328485,0.011834319526627219,26.851443164195103
063_018,0.04769339957416607,81.59166606625449,0.0,373.12866,0.0,19.949937343260004
082_018,0.2839184060721063,28.600699292150182,0.0,373.12866,0.0,62.24949798994366
005_019,0.7252218649517684,98.5900603509299,0.7859717868338558,2.8284271247461903,0.7161779106323765,3.0
015_019,0.7088760981520751,2.449489742783178,0.8925789860396767,1.4142135623730951,0.797804208600183,1.4142135623730951
022_019,0.8822460011669793,2.23606797749979,0.9312748241112558,1.0,0.7469769979089008,4.242640687119285
031_019,0.6828771682524766,4.123105625617661,0.6876894727456458,2.449489742783178,0.6907118644067797,3.7416573867739413
055_019,0.5444812160342178,76.40058898965201,0.9155052003716693,1.0,0.8671871164138066,1.4142135623730951
061_019,0.7737271613671262,3.605551275463989,0.914522330671399,1.0,0.8432746991138739,1.4142135623730951
075_019,0.7599907466311954,4.58257569495584,0.8347350021437288,3.7416573867739413,0.7241743326798371,3.1622776601683795
090_019,0.6810094145172971,5.385164807134504,0.5313432835820896,12.328828005937952,0.28195247270391777,8.602325267042627
117_019,0.5138770844934205,8.774964387392123,0.17238315265683313,9.899494936611665,0.1128532652083666,20.273134932713294
137_019,0.8407566220611317,54.718369713837646,0.9075005282062117,1.4142135623730951,0.7376932223543401,3.0
138_019,0.8161641593755901,6.4031242374328485,0.8896225707210925,1.4142135623730951,0.775027808676307,4.123105625617661
141_019,0.691972526494317,82.87943049997388,0.070075972332464,11.384179227235062,0.16444796763524042,21.470910553583888
150_019,0.6520873481468863,13.076696830622021,0.6781715459681561,19.949937343260004,0.20660903684630005,22.80350850198276
001_020,0.003442023134455759,66.67083320313314,0.00014542986644690598,55.903488148791276,0.0,76.42185545386243
002_020,0.8754261530624241,6.324555320336759,0.00371219565454744,35.9722114972099,0.20843257957744302,24.515301344262525
001_021,0.8575980175236747,91.61768385652634,0.7935555204549044,1.4142135623730951,0.8216662841404636,2.449489742783178
002_021,0.0629364486802231,81.0123437979093,0.0,92.70706543399139,0.0,97.25636221083043
022_021,0.04975978037062457,53.600373133029585,0.0,93.73366524360391,0.0,93.17295739448073
035_021,0.5878136200716846,19.467922333931785,0.0,39.64340886468015,0.0,56.43577916758406
000_022,0.7869263322240027,50.368641037852115,0.9297842272890258,1.0,0.9479273952996884,1.4142135623730951
001_022,0.6467694609055865,3.7416573867739413,0.047007848266841075,17.4928556845359,0.7691805241814768,8.06225774829855
037_022,0.8024829607509713,55.60575509783138,0.8484365513054037,3.605551275463989,0.46339501206757844,8.06225774829855
039_022,0.03888872020646728,57.62811813689564,0.0,373.12866,0.0,373.12866
045_022,0.07721199433532418,73.48469228349535,0.0,23.874672772626646,0.018627858627858627,34.794395425345165
053_022,0.19164234032644623,21.213203435596427,0.7401706425213304,7.0710678118654755,0.5027889479828772,4.123105625617661
000_023,0.6390526025888185,32.75108154234718,0.7952695652173913,3.0,0.8606837606837607,3.3166247903554
001_023,0.758188013629986,82.02804039779562,0.09207403891789274,18.138357147217054,0.7562523329600597,3.605551275463989
024_023,0.0,373.12866,0.0,373.12866,0.0,373.12866
039_023,0.0,373.12866,0.0,373.12866,0.0,373.12866
046_023,0.009902079436681702,111.4553721616874,0.0,373.12866,0.0,373.12866
059_023,0.0,373.12866,0.0,373.12866,0.0,373.12866
084_023,0.0,373.12866,0.0,373.12866,0.0,373.12866
097_023,0.6966552028487081,7.0,0.4091239990293618,21.095023109728988,0.02661064425770308,20.85665361461421
099_023,0.5014119861939128,89.9166280506559,0.0,27.49545416973504,0.0,13.638181696985855
111_023,0.5694329116397207,87.80660567406076,0.6133004926108374,12.1262743483432,0.1861271676300578,5.0
115_023,0.24961259530155583,55.27793246628055,0.502548020384163,29.274562336608895,0.3116383456235973,39.50949253027682
127_023,0.037929209947366954,56.00892785976178,0.0,61.91930232165088,0.0,62.161081071680215
001_024,0.332546573379415,55.06359509871623,0.4916261480280929,4.123105625617661,0.4227698715723707,5.753201571368748
015_024,0.5958554618348433,50.478708198261565,0.26381724392041267,4.69041575982343,0.683076923076923,4.0
018_024,0.6432324953841784,50.039984012787215,0.4334847501622323,5.385164807134504,0.7755445294760743,3.1622776601683795
019_024,0.3258885772112346,50.48762224545735,0.3486853123429911,7.280109889280518,0.7350486787204451,10.954451150103322
031_024,0.17920676582093906,60.355610578022706,0.0,373.12866,0.5988409529942048,5.744562646538029
043_024,0.3343259011789769,30.610455730027933,0.04131179637787567,74.20916385460761,0.22281610155336562,12.0
046_024,0.017488772865018803,71.16178749862878,0.0,102.50609729258281,0.0,98.60527369263775
060_024,0.7574771706852341,5.0,0.838786545687838,6.6332495807108,0.6951048951048951,23.46911937904686
000_025,0.7177353799072347,69.46941773183363,0.8368336025848142,3.1622776601683795,0.6374913852515507,2.8284271247461903
001_025,0.6863063616806427,62.57715187508736,0.6636871508379888,2.23606797749979,0.8077388149939541,2.8284271247461903
019_025,0.0,84.05831137472883,0.0,373.12866,0.0,373.12866
030_025,0.007442849548112706,71.69623413357148,nan,0,0.0,373.12866
043_025,0.6343378362775661,61.819495186527526,0.0,373.12866,0.0,373.12866
055_025,0.6006408389163996,63.383748548972505,0.0,373.12866,0.0,373.12866
059_025,0.7870870989383953,41.593268686170845,0.2781401220281927,7.211102550927978,0.28665568369028005,10.042394277952729
070_025,0.8863112379762015,49.193495504995376,0.8416862082129029,2.23606797749979,0.9174132992015603,4.123105625617661
002_026,0.6200675627111335,9.544604951510555,0.33482142857142855,8.12403840463596,0.12972632903428752,68.00735254367721
001_027,0.7999935606426478,2.23606797749979,0.7964297195590099,1.4142135623730951,0.9539194081536282,3.0
002_027,0.5904497756421581,6.324555320336759,0.19415006358626535,11.357816691600547,0.5295556805399325,13.11105902680572
014_027,0.6883799083182434,5.0,0.7114253393665159,5.196152422706632,0.6897325137065958,5.0990195135927845
001_028,0.9022803212380561,56.597702506133935,0.8307681420939037,3.0,0.8451156019443827,2.8284271247461903
002_028,0.8552915539919662,5.0,0.011483959332033925,20.346989949375804,0.5954563444945777,19.05255888325765
015_028,0.5064546281325788,77.08177469351324,0.3730370815192914,8.06225774829855,0.7494582536647546,53.01792142280105
020_028,0.8912370309031571,38.57589509464235,0.6828446241995282,63.00793600809346,0.4923579512308949,64.47712762966584
021_028,0.8340396943145872,52.97169055259611,0.0019448631302572082,17.0,0.3510913296145847,20.66276777581072
025_028,0.7252953184084596,66.603760259152,0.00438763830599008,17.578395831246947,0.25339366515837103,9.0
030_028,0.6263268991899533,50.79025475375318,0.4421701415309694,63.37112897975988,0.3784932820388406,67.40029511865892
035_028,0.03231650303880318,55.00454507895013,0.0,78.92717991399846,0.0,38.961519477556315
038_028,0.0028703374777975135,82.78888814327681,0.0,106.53497076253527,0.0,110.53732399006594
001_029,0.01587091114941708,41.048751503547585,0.0,55.005454094740166,0.0,54.38749856354859
002_029,0.5483433371118503,16.56652572478533,0.08366805608184918,12.529964086141668,0.8278799996397468,5.385164807134504
010_029,0.6717327290244663,40.422765862815474,0.005448567402536402,16.673332000533065,0.36376410860795066,9.433981132056603
022_029,0.6127391027836212,10.04987562112089,0.005069440777314253,34.932076399687546,0.16725071678878622,19.830529011519058
033_029,0.5227376808939366,10.04987562112089,0.000758833293810766,36.24913792078372,0.19431584879835756,20.445048300260872
045_029,0.41013010229417024,31.71750305430741,0.0,33.60059523282288,0.19028002777134922,14.491376746189438
059_029,0.08795885295568238,31.32091952673165,0.0,40.96582896581563,0.0,68.80334290749721
100_029,0.3996912070109056,25.87759484667254,0.0,39.370039370059054,0.096057686117132,19.6468827043885
112_029,0.48881322422977647,8.94427190999916,0.0,38.948684188300895,0.25883357648649613,18.838788085497765
152_029,0.16732251630639858,35.763791482603374,0.0,373.12866,0.18356416360095218,17.029386365926403
165_029,0.21558379141509718,24.331050121192877,0.0,373.12866,0.03268199233716475,24.351591323771842
207_029,0.09305437837355578,48.579831205964474,0.0,373.12866,0.02435843203609701,31.05236806014901
223_029,0.2784240687679083,31.016124838541646,0.055487901731349605,52.583267300539625,0.0006842786969378529,47.35609752971782
255_029,0.22685477241880292,30.24896692450835,0.6320366781679823,11.545544887106594,0.4872389791183295,20.273134932713294
000_030,0.6714214434563118,4.242640687119285,0.8255950913523434,2.23606797749979,0.8792837661567651,2.23606797749979
001_030,0.5197642761140021,34.65977432564466,0.0032953864589574597,13.341664064126334,0.37564322469982847,20.346989949375804
017_030,0.0,373.12866,0.0,373.12866,0.0,373.12866
025_030,8.718775883865905e-05,64.41273166075166,0.0,373.12866,0.0,54.38611012797027
041_030,0.14372645609968127,53.147906068527504,0.0,373.12866,0.0,373.12866
052_030,0.7844574780058651,30.647999353329077,0.8559533721898418,5.744562646538029,0.44366197183098594,2.965685424949235
067_030,0.0,66.29479617586888,0.0,78.64413493696674,0.0,37.134889255254286
085_030,0.6092175506207158,26.476404589747453,0.6325912084406262,4.123105625617661,0.4614769090077732,4.69041575982343
000_031,0.0050577516321113425,84.76437931112338,0.0,95.00526301210897,0.0,98.27741344578482
002_031,0.0002753520572732279,89.19417010033146,0.0,373.12866,0.0,373.12866
015_031,0.49489284456365656,33.90575095471842,0.7542823390431187,5.744562646538029,0.08323119126831262,18.601075237738275
018_031,0.0008373706561397213,93.37344363315871,0.0,116.75529935457644,0.0,117.23907198540937
032_031,0.0002449299500342902,87.5728268357257,0.0,373.12866,0.0,103.85326049794466
046_031,0.48035783741734733,98.31225756135109,0.0,373.12866,0.2787867171402559,11.575836902790225
059_031,0.5505123444054741,98.25985916094163,0.0,373.12866,0.18648383937316357,12.206555615733702
074_031,0.0,91.1389048410416,nan,0,0.0,373.12866
087_031,0.0,81.38058677216357,0.0,373.12866,0.0,113.33622544556711
105_031,0.0,50.89204259999789,nan,0,0.0,373.12866
123_031,0.6566864499365164,49.09531521851459,0.0,373.12866,0.09923954372623574,15.556349186104045
142_031,0.6472105016408813,85.98255558373138,0.0011675423234092236,38.48376280978771,0.0,18.601075237738275
148_031,0.5923247404642482,90.07774419910837,0.0002875491229751749,37.13017585120469,0.08509398222351741,12.96148139681572
151_031,0.012670330552575304,56.69215113223346,0.0,64.11393343105314,0.0,82.74962185927637
165_031,0.5279230728588789,83.72574275573791,0.0,40.45985664828782,0.0,25.199206336708304
170_031,0.0063327576280944155,69.46941773183363,0.0,104.18253212511203,0.0,94.70691629078979
184_031,0.0032417070029752654,56.34625029269682,0.0,95.65040512198576,0.0,98.10835803943966
190_031,0.7278520547631191,39.05124837953327,0.6537378375131802,22.80350850198276,0.2690326936059408,29.0
001_032,0.9008806061847225,1.4142135623730951,0.7998295968901432,2.0,0.9316353887399463,3.0
002_032,0.7359637679375785,3.605551275463989,0.6071036250457708,7.0,0.7407439408994686,4.69041575982343
013_032,0.0,77.09280097207306,0.0,89.75577943143506,0.0,74.4983221287567
027_032,0.14925852561700306,44.170121301379595,0.0,21.57312347927312,0.15288110867979576,9.486832980505138
040_032,0.2637318255250404,57.4978260458602,0.029000698812019568,20.273134932713294,0.1623598820058997,10.723805294763608
044_032,0.0,65.31424038612127,0.0,81.096237285576,0.0,71.95137246779939
046_032,0.3371520450206009,57.7291020590601,0.12689621960028893,10.401905178112713,0.7352491592785081,3.7416573867739413
055_032,0.4166954386772548,54.92722457943783,0.4193583948847977,3.605551275463989,0.6350091319811593,5.477225575051661
067_032,0.5675436772046589,47.87327005845638,0.42508108108108106,5.385164807134504,0.43639357760395225,27.23967694375247
069_032,0.0,80.66132897985048,0.0,65.87526080207535,0.0,69.38478811081892
075_032,0.23617715251306637,50.24937810560445,0.0028924125819947315,14.491376746189438,0.4339729760417849,11.0
085_032,0.4758807865628841,47.042533945356304,0.0009360791655522868,28.0178514522438,0.2637158759607739,9.273618495495704
096_032,0.5047650016258536,14.696938456699069,0.012139229530533879,29.220709687366142,0.4464971539991728,9.219544457292887
000_033,0.856662786355949,54.04627646748664,0.8879303193695562,1.4142135623730951,0.7926829268292683,2.23606797749979
002_033,0.007887520292021681,70.77428911688199,0.014528441270623,65.22422846495321,0.0002934585423113862,65.66582063752801
006_033,0.025057530043467145,71.34423592694787,0.0,373.12866,0.0,373.12866
031_033,0.5421346000713914,10.44030650891055,0.02682763246143528,15.264337522473747,0.5866248567810408,12.041594578792296
049_033,0.2739037333581603,85.16630784977187,0.05146936742487133,15.811388300841896,0.17238305623377126,17.69180601295413
063_033,0.45384073291050037,11.357816691600547,0.005116179918993818,19.949937343260004,0.0002465331278890601,32.341923257592455
076_033,0.013943583215352218,78.05126520435142,0.0,68.25503637049611,0.0,83.3606621854697
084_033,0.029072617601295904,72.74474608764689,0.0,64.28841264178172,0.0,64.85329596232035
095_033,0.01645810538704131,78.79720807236764,0.0,74.54528824815154,0.0,67.6091693576358
104_033,0.6348056290929358,38.4037755745773,0.02160928796725052,15.394804318340652,0.20623753981530282,27.62426357076686
001_034,0.009380568622869756,65.33758489567853,0.0,77.79203037641517,0.0,84.5931439302264
002_034,0.00813654909497629,69.86415389883427,0.0,72.67220888215051,0.0,76.24303246854758
014_034,0.39242714316102956,80.50465825031493,0.21454545454545454,22.693482587692348,0.9348883767488418,2.0
028_034,0.4717782599394921,83.84509526501833,0.0013091147111765667,15.08806647651374,0.4615852114459357,8.64287540660385
040_034,0.514447138376671,75.28479163664741,0.5243110969252048,6.0,0.8432973714013232,3.4641016151377544
044_034,0.33953455719751485,62.59193229190532,0.012571703362758905,14.212670403551895,0.05388061508657222,20.248456731316587
058_034,0.0,56.56146949314182,0.0,74.82312111224994,0.0,76.77108826383055
002_035,0.7899124262772231,5.385164807134504,0.0005012112605463203,27.76688675382964,0.1592425888561229,19.261360284258224
008_035,0.8110277350852344,4.123105625617661,0.6760430107526881,3.4641016151377544,0.466685389314049,6.708203932499369
019_035,0.6987074180197389,12.769100491806775,0.7718732360293524,5.0990195135927845,0.6381755211396458,7.483314773547883
024_035,0.8442195738974062,4.123105625617661,0.7762245541176906,5.830951894845301,0.6148806738418343,7.280109889280518
036_035,0.6043716723528432,9.899494936611665,0.5961058000041296,11.357816691600547,0.5313568985176739,11.532562594670797
050_035,0.16915839697054746,33.823069050575526,0.0003475480485177076,67.08949247087803,0.0,80.0812087820857
000_036,0.019384264538198404,38.34057902536163,0.0,373.12866,0.0,373.12866
002_036,0.3504771347130995,55.5517776493246,0.6776205087597743,2.449489742783178,0.6393517253937904,11.02041245773426
005_036,0.46448362720403025,58.688584780076006,0.5487297136545161,2.8284271247461903,0.4580105361016424,5.0
000_037,0.024360535931790498,78.03204469959762,0.0,79.94683527144173,0.0,373.12866
001_037,0.7242504835589942,6.0,0.5405512986366803,3.7416573867739413,0.3288981650578311,68.76408744663959
002_037,0.6293934525005022,56.64803615307419,0.7973852749695655,2.23606797749979,0.7431800123598481,4.123105625617661
015_037,0.8516949152542372,5.0,0.8453822206848841,1.7320508075688772,0.8399266439612261,1.4142135623730951
025_037,0.0009584166956188377,52.723807844929574,0.0,373.12866,0.0,373.12866
029_037,0.015691197238349285,60.207972893961475,0.0,93.01075206662937,0.0,93.76086110555123
037_037,0.011259676284306826,60.51446108162907,0.0,82.29489650557795,0.0,51.29960807239305
000_038,0.0,69.14477565225012,0.0,89.56003573022959,0.0,85.19859150531315
002_038,0.0006948425313113416,81.05553628191137,0.0,83.19254774317228,0.0,78.13129968048433
023_038,0.5800639575696124,26.038433132583073,0.6291839630077243,4.58257569495584,0.6327660018795029,6.324555320336759
001_039,0.057205318143614264,57.87054518492115,0.0,85.65628990331066,0.0,68.45436436049933
002_039,0.7616640257551749,8.06225774829855,0.005552801189885969,23.790754506740637,0.5899919223896671,12.24744871391589
017_039,0.06808343171979536,85.21150157109074,0.0,373.12866,0.11176132193370494,18.81488772222678
044_039,0.5138708641182139,60.64280652455582,0.6046897205116059,8.54400374531753,0.06574988579619741,29.748949561287034
000_040,0.39351872517073605,83.60023923410746,0.09171974522292993,9.273618495495704,0.6280120481927711,3.605551275463989
001_040,0.3830927583896705,107.37224933442499,0.2243436754176611,6.708203932499369,0.8021046018533061,3.1622776601683795
015_040,0.8666639832849715,51.91435085448694,0.5367704681377604,9.433981132056603,0.6537834924931699,5.916079783099616
028_040,0.7345264044840913,53.832146457620276,0.7718802102019712,2.449489742783178,0.6054516141127066,10.770329614269007
000_041,0.7649015025041737,15.195358783734033,0.8832826132926347,1.4142135623730951,0.845304337468307,2.8284271247461903
002_041,0.6095741188408392,12.884098726725126,0.0013742682021823378,24.899799195977465,0.24285398439720793,16.278820596099706
020_041,0.6842345972080057,69.07061596781938,0.5566435565720821,26.465065652664546,0.13092856900701766,29.07920096969768
038_041,0.1752988047808765,14.596230485276466,0.0019587871190159052,29.563490998188964,0.21178613243137764,14.45683229480096
001_042,0.8685646329018313,78.60661549767933,0.8978222550747711,1.4142135623730951,0.8857831325301205,4.58257569495584
002_042,0.7974117876194289,77.6530746332687,0.22738728647437692,9.273618495495704,0.05745495815009221,13.2664991614216
004_042,0.03189518263631551,103.00485425454472,0.0,17.291616465790582,0.0,16.673332000533065
010_042,0.0,130.54290481052257,nan,0,0.0,373.12866
022_042,0.0,373.12866,nan,0,nan,0
035_042,0.0,90.99780203192131,0.0,373.12866,0.0,84.7938677028003
049_042,0.002226020590690464,75.75618786607468,0.0,66.34003316248794,0.0,71.28113354878694
055_042,0.016104495619787024,84.0,0.0,66.97014093690626,0.0,87.05170877128145
060_042,0.6558250385532034,66.57476891107522,0.4071151531362846,9.433981132056603,0.14901960784313725,14.730919862656235
061_042,0.6833657780779469,68.40321278366952,0.3905843141339444,6.082762530298219,0.33177684934873436,7.3484692283495345
062_042,0.6904524382371926,80.77747210701756,0.017011882345302255,17.05872210923198,0.23769780329839085,17.233687939614086
078_042,0.0767313874438179,72.75987905432498,0.0,83.83227299473782,0.0,83.2222926762134
081_042,0.7866181996334353,55.79695317074171,0.47765461202788784,9.219544457292887,0.4972383416066559,10.63014581273465
082_042,0.7671658490057269,50.91659823566374,0.27920209498561316,11.489125293076057,0.2548354075750229,14.696938456699069
000_043,0.0,373.12866,0.0,373.12866,0.0,373.12866
002_043,0.6026711185308848,4.0,0.0,373.12866,0.0,373.12866
018_043,0.0,373.12866,nan,0,nan,0
030_043,0.0,373.12866,nan,0,nan,0
053_043,0.0,373.12866,nan,0,nan,0
067_043,0.0,373.12866,nan,0,nan,0
070_043,0.6417606805992232,1.7320508075688772,0.2175,4.47213595499958,0.4908356632494564,4.242640687119285
084_043,0.0,92.75936372322019,0.0,373.12866,0.0,373.12866
098_043,0.48580121703853957,94.87201902651272,0.30038022813688214,5.0990195135927845,0.5277276244518958,4.242640687119285
106_043,0.02654372729812797,83.14896267073803,0.0,373.12866,0.0,373.12866
116_043,0.4893427930167051,72.25683357112841,0.3371608053138355,7.218003284763132,0.46569023180717334,14.0
002_044,0.7596222079545839,63.190189111918315,0.0,59.50882233545384,0.00011729517330361856,38.29425289145132
001_045,0.2740481883391576,81.8816218149762,0.7203868860695892,2.23606797749979,0.5016276041666666,3.7416573867739413
002_045,0.3505008121277748,93.23867205727998,0.03608210810426877,12.36931687685298,0.6024861147844486,6.48074069840786
017_045,0.6565738869695587,8.06225774829855,0.6918224825411129,14.866068747318506,0.055792249949279775,17.320508075688775
028_045,0.7634610184767914,6.4031242374328485,0.43991664737207686,8.48528137423857,0.14309039631883627,13.629003899923251
000_046,0.5119435967589182,53.73453198140026,0.7184957994399254,2.23606797749979,0.5235378031383737,4.242640687119285
001_046,0.019887784011999334,57.14017850864661,0.0,53.23532661682466,0.0,73.84984742807801
016_046,0.3168992592181561,31.160872901765767,0.6344969199178645,34.36384015792514,0.06614173228346457,25.763304528450657
064_046,0.6472201301585463,6.782329983125268,0.804591550049501,2.23606797749979,0.6198083067092651,3.3166247903554
001_047,0.017432570275322537,61.0,0.0,80.53570636680354,0.0,77.5280588894734
002_047,0.7989703778247862,47.041470837190175,0.515609990393852,9.848857801796104,0.1937759138350093,10.954451150103322
001_048,0.8749166484144947,25.49117373551385,0.8990807070235607,1.4142135623730951,0.9213787499153518,1.0
002_048,0.8230157220742995,4.242640687119285,0.019342359767891684,18.379332998817333,0.7849410863109493,5.385164807134504
013_048,0.25676340383669455,51.70106381884226,0.05883010848898333,10.770329614269007,0.5736442635573644,15.937377450509228
023_048,0.21184102241370964,57.2804503856353,0.004786979415988511,31.822945715502623,0.8056155507559395,7.810249675906654
045_048,0.31792124296812213,9.0,0.10606610969851071,42.1070065428546,0.471205715118822,11.58874693582525
049_048,0.8217701519663857,3.1622776601683795,0.7700186219739292,4.0,0.8672436223768313,5.385164807134504
000_049,0.6861716008930902,3.0,0.1879114302812687,14.0,0.8496506986027944,4.898979485566356
019_049,0.006820005349023803,60.340699366182356,0.0,79.0,0.0,76.16429609731846
029_049,0.05562981028093624,68.49087530467106,0.09601301871440195,74.08778484566932,0.002573371729673427,80.62877898120497
046_049,0.8144071189342429,37.539978246444484,0.9172763384915805,1.4142135623730951,0.8225922411066057,3.7416573867739413
000_050,0.8774231470052313,2.23606797749979,0.8002678400612205,1.4142135623730951,0.9573046158107967,1.0
001_050,0.7163902664895756,6.4031242374328485,0.448147285015148,9.1104335791443,0.7200732433051041,6.082762530298219
048_050,0.8889605287018194,3.0,0.8763860369609856,3.0,0.6939133485353447,5.0990195135927845
051_050,0.007772901392729395,64.25729530566937,0.0,91.58930058104566,0.0,96.37427042525407
061_050,0.880701392240165,3.3166247903554,0.8403013388785524,2.0,0.8829375252266306,4.123105625617661
001_051,0.0630338360157141,42.24926034855522,0.07916541648394765,58.2520382684907,0.0,44.96665431183423
002_051,0.7860995317778612,15.937377450509228,0.028008381295918098,13.490737563232042,0.2399479988856904,20.97617696340303
012_051,0.0,55.00045450789501,0.0,57.33410682337616,0.0,73.00684899377592
023_051,0.05994014185560247,53.39475629684998,0.09035251659470259,57.28001396647874,0.005885815185403178,56.10347027490745
036_051,0.6856077688584228,25.019992006393608,0.1829414587332054,44.78615501598696,0.182066609735269,26.453718604746793
050_051,0.7130184517216243,23.0,0.0,54.378304497290095,0.0013041210224308817,29.687538386994824
064_051,0.7600003892148564,46.50376149950593,0.0,59.413803110051795,0.007877223957625967,29.874734974525552
077_051,0.7798778934256839,31.304951684997057,0.0,35.90264614203248,0.0,47.38723427722797
089_051,0.5289360056711994,20.518284528683193,0.318578110383536,14.866068747318506,0.17154059794151283,18.138357147217054
103_051,0.6538307563317194,16.492422502470642,0.00037144802823005016,28.710624101977285,0.07424552657348883,32.69556544854363
000_052,0.017215834511664065,61.106464469808756,0.0,65.1283347524125,0.0,78.90785736499352
002_052,0.007127583749109052,53.79591062525106,0.2211650034810861,18.601075237738275,0.06934476652064499,18.601075237738275
089_052,0.7506156935551093,15.748015748023622,0.29805128205128206,8.06225774829855,0.0019011406844106464,4.898979485566356
115_052,0.7939270966823295,8.602325267042627,0.32226890756302523,13.92838827718412,0.34418091560948705,8.54400374531753
119_052,0.17509858665305103,38.41679292180896,0.3957559681697613,35.58651031062404,0.38881829733163914,86.6371744691619
133_052,0.8176955440511754,9.219544457292887,0.015069398545935229,81.29729260462173,0.046496180670873466,86.83576447405937
148_052,0.6519422036479088,14.696938456699069,0.09792602095360274,36.93822058354492,0.012511170688114389,27.345926189182943
168_052,0.7683016900551766,12.96148139681572,0.001634320735444331,89.54328562209453,0.0025806451612903226,81.67006703871785
002_053,0.004136264594313692,67.38694235532579,0.0,70.46559414142428,0.0,86.65881313468735
002_054,0.66885953641363,5.916079783099616,0.08456140350877193,11.508672078793682,0.8046014575639727,3.1622776601683795
014_054,0.7629853542234333,55.73822623872897,0.11147213196700825,36.837480912787726,0.003861003861003861,34.30742430210168
026_054,0.007148631973107528,63.25345840347388,0.0,80.06528558155638,0.0,77.480315144379
028_054,0.5173332098279415,59.77750399677315,0.0,26.629869603022655,0.0,23.366642891095847
036_054,0.0,64.54378350077906,0.0,373.12866,0.0,51.70106381884226
043_054,0.0,55.74674863259192,0.0,373.12866,0.0,102.86398740802134
053_054,0.00847886234492607,72.17755836044584,0.0,94.68368391650169,0.0,98.11574774509849
066_054,0.0024802173142789655,55.81263294441871,0.0,373.12866,0.0,373.12866
077_054,0.016079074428350187,65.368186638748,0.0,96.23408959407264,0.0,98.17331613019904
001_055,0.009802632616892713,77.18160402582988,0.0,87.81628541144963,0.0,116.93160370551394
002_055,0.8108353384898466,72.53964433328854,0.906852077915185,1.0,0.9732778678699852,1.0
003_055,0.007807065007343279,61.35144660071187,0.0,115.93532679903913,0.0,119.0
017_055,0.4226931760250528,108.12307795430672,0.006784589290041192,23.62202362203543,0.0,20.933197761581336
039_055,0.07505498945100328,94.96157114421594,0.0,373.12866,7.187651614526244e-05,79.71919464586091
054_055,0.3039037675896505,85.99709253190036,0.0,23.93741840717165,0.0,20.904544960366874
067_055,0.34393447689692475,52.967914614542245,0.0,26.851443164195103,0.0,21.118712081942874
084_055,0.014848173348344674,82.15229759416349,0.0,88.68596278394061,0.0,80.95677859203639
099_055,0.00047572324800047573,84.77617589865682,0.0,84.59905436823747,0.0,82.02377699752006
118_055,0.007771925751225056,79.98749902328488,0.0,96.79359482941007,0.0,97.66780431646859
001_056,0.7673515226571694,54.4536498915504,0.8335141450388049,3.0,0.8765613519470977,4.123105625617661
002_056,0.6577885937042295,41.254090545985555,0.04963431670638508,12.767145334803704,0.3459697442854583,13.416407864998739
001_057,0.8950433925170109,2.449489742783178,0.8562153277172796,1.0,0.9342335380485622,1.4142135623730951
002_057,0.6637428703560968,7.280109889280518,0.0393182160993514,24.351591323771842,0.5973134363937591,7.874007874011811
002_058,0.8017270382415611,58.313377382931144,0.7852435299791031,2.23606797749979,0.7243831033040569,3.605551275463989
015_058,0.5768642229073884,47.16990566028302,0.6154434250764526,37.83646673224585,0.0367504835589942,44.70793308484035
027_058,8.581112970352255e-05,35.4964786985977,0.0,373.12866,0.0,373.12866
036_058,0.033417878772193176,29.5296461204668,0.0,43.70354676682432,0.0,46.03531036999135
000_059,0.2625322997416021,84.54140683080298,0.7041420118343196,3.1622776601683795,0.7544642857142857,1.4142135623730951
001_059,0.6917976424361493,26.34859227844373,0.7925101214574899,2.0,0.8767123287671232,2.23606797749979
014_059,0.051261974944731024,70.95068710026705,0.0,76.51143705355429,0.0,84.27810983496444
024_059,0.8547472931243404,60.20132879732799,0.9176203732343541,1.0,0.9000832639467111,4.123105625617661
040_059,0.8534470549357168,56.66965661386435,0.8960241353302446,1.0,0.6266968325791855,3.412484726463927
055_059,0.7408853677768182,57.44083837376806,0.0,373.12866,0.0,373.12866
068_059,0.7721187221080966,57.53129574734637,0.0,373.12866,nan,0
084_059,0.8034430319942124,59.16924876994806,0.8142538975501113,3.1622776601683795,0.0,5.0
100_059,0.170469220835127,40.790316690536606,0.0,70.68946173228369,0.0,373.12866
116_059,0.8280908523259445,6.4031242374328485,0.0,373.12866,0.0,373.12866
136_059,0.8261073573573574,8.774964387392123,nan,0,nan,0
000_060,0.8575032721892368,68.22023160324215,0.8164023621524783,2.23606797749979,0.9197118631349891,2.449489742783178
001_060,0.842571356355841,39.10818276966598,0.02107220328478463,15.7797338380595,0.802184148574418,3.632772497725955
031_060,0.0,86.22875540811924,0.0,373.12866,0.0,373.12866
040_060,0.0,79.17859554528185,nan,0,0.0,373.12866
052_060,0.6509595880792636,64.03124237432849,0.0,373.12866,0.0,20.405877975287538
065_060,0.5747304461785906,65.58467705814881,0.01115822361080116,17.934598492711253,0.02025014889815366,13.114877048604
069_060,0.5653769883127294,60.207972893961475,0.07705192629815745,15.297058540778355,0.8847023360964582,1.4142135623730951
070_060,0.0,63.56886030125127,0.0,85.04233927344613,0.0,373.12866
088_060,0.07414331457210477,70.27019279497557,0.0,71.11258679024411,0.0,73.91616271576171
001_061,0.0026030368763557484,51.419840528729765,0.0,91.53960879108725,0.0,96.19251530134764
002_061,0.004607298493064103,49.03060268852505,0.0,81.5383344850714,0.0,98.93937537704592
012_061,0.3318031762154982,37.429934544425805,0.0,71.8651512836108,0.0,73.37574531137656
022_061,0.00699974075034258,51.32250968142536,0.0,70.14805600862935,0.0,65.09147364736819
027_061,0.31142734420228957,20.83266665599966,0.0,73.71566997592845,0.0,66.6783323126786
034_061,0.24596340150699678,15.937377450509228,0.0,73.54692375692942,0.0,54.35623127290184
046_061,0.349827242692492,21.656407827707714,0.0,68.33447144121814,0.0,49.55299653606326
054_061,0.7581389006409024,9.9498743710662,0.6189539913488006,50.6458290484024,0.02439671174754707,32.20558673788892
001_062,0.366363830696879,88.37986195961159,0.5005437642518856,10.83741082555563,0.4946648685735917,15.588457268119896
002_062,0.06736638530187956,86.59676668328905,0.00392236033801517,26.248809496813376,0.01651930609960828,33.532818923787794
015_062,0.10675433353257621,30.610455730027933,0.0,373.12866,0.32121793992593606,31.400636936215164
030_062,0.3810092774810233,23.790754506740637,0.0,373.12866,0.5269605382066472,19.83683042143911
042_062,0.5554065015286703,94.20244155353876,0.0,373.12866,0.4036810159156387,18.3861351272838
050_062,0.619455064020875,95.77682389617864,0.0,43.46262762420146,0.4692874692874693,24.124676163629637
057_062,0.1633675584954092,31.0322412983658,0.0009896729776247848,37.86819245752297,0.10796528821447617,34.46810105022342
064_062,0.6938075441862838,24.596747752497688,0.0,41.803108648438396,0.10306981350057766,42.00237724182096
002_063,0.676728403789057,83.21658488546619,0.05553054179798889,12.24744871391589,0.6565435593874662,5.385164807134504
015_063,0.0015560742469712125,106.08487168300671,0.0,373.12866,0.0,111.32924070271949
034_063,0.0023021294697595277,92.69843580125827,0.0,373.12866,0.0,111.77454953156959
047_063,0.05139972464433226,84.18313350152259,0.0,373.12866,0.03651518158364755,13.19090595827292
077_063,0.07095316224499272,79.37883848986453,nan,0,0.003290917068889864,27.367864366808018
091_063,0.0,76.55716818169282,0.0,373.12866,0.0,104.47726973487856
105_063,0.08575533765218926,82.76321642587627,0.0,373.12866,0.02686703096539162,28.6705423736629
118_063,0.0,75.7099729229908,0.0,373.12866,0.0,107.65871989274301
123_063,0.5748884381338742,84.17244204607586,0.003088008234688626,21.656407827707714,0.0,14.177446878757825
130_063,0.7680815200735519,75.85512507405153,0.45558794946550046,18.16590212458495,0.022783556215948488,17.11724276862369
168_063,0.15672570040869513,65.58200972827838,0.41936467288579965,15.588457268119896,0.0074194984419053275,15.535435767705428
000_064,0.08069319813784927,75.82281975821405,0.0,88.92806064258338,0.0003215391004943664,90.2374641359192
002_064,0.7917639248774011,64.63977061800347,0.03489640130861505,20.223748416156685,0.8395266419348821,3.7416573867739413
020_064,0.7862417451497941,64.82283548256741,0.03149811271638683,34.77067730142742,0.7404250061774154,5.0990195135927845
033_064,0.0002507253125111931,62.8227664680335,0.0,373.12866,0.0,373.12866
049_064,0.707879234167894,43.580958375129015,0.0,35.566838487557476,0.25734038226921513,10.723805294763608
062_064,0.018236118085471893,65.64297372910524,0.0,90.11659114724658,0.0,92.0931574142769
002_065,0.7215134843419732,37.862910059111925,0.36275571983939836,7.0710678118654755,0.7413361571043512,3.1622776601683795
014_065,0.5765864708103099,28.37340277896893,0.0,17.721454856800822,0.0,373.12866
021_065,0.6591009924109749,28.460498941515414,0.4453360080240722,6.938972745734173,0.0,18.466185312619388
025_065,0.36009360758714126,57.432133699188576,0.13435950952256717,6.164414002968976,0.3629863301787592,6.324555320336759
029_065,0.09946735533855218,46.62617290749907,0.0,66.36414525332447,0.0,373.12866
079_065,0.04895776861803589,48.25971404805462,0.0,73.60706487831179,0.0,94.42933864788309
102_065,0.01441010879994207,61.7980582219215,0.0,71.23903424387504,0.0,86.56124996640092
000_066,0.06523662248067863,56.15158056546583,0.0,102.16237074846153,0.0,86.87001756823376
001_066,0.7449040820288372,51.3273799137993,0.026466598377675038,20.97617696340303,0.6864357017028773,7.810249675906654
016_066,0.0,111.00990943468594,0.03932584269662921,19.873348230698163,0.0,373.12866
031_066,3.1128889165590126e-05,92.22255689363638,0.0031729243786356425,132.7117176096964,0.0,105.43244271812114
046_066,0.31308277376444005,95.67131231461184,0.0018204095921582357,40.23679907746142,0.0,30.875555783494686
050_066,0.0014406256431364478,78.3007024234138,0.0,103.5393641299105,0.0,105.1097045896581
068_066,0.011019669643378275,84.33830682631945,0.0,98.48832391317592,0.0,96.06456150549573
084_066,0.004647697832927494,78.68799136756995,0.0,88.48841628223947,0.0,87.12863983867179
101_066,0.0031178634430511303,80.8084154033477,0.0,78.43755471674976,0.0,81.72025265903467
001_067,0.0,86.81589716175259,0.0,373.12866,0.0,373.12866
002_067,0.0,87.2556581179438,0.0,373.12866,0.0,373.12866
013_067,0.10587961074529456,52.41183072551463,0.0,373.12866,0.0,373.12866
019_067,0.8404189994581903,65.32380875780918,0.38000935599563385,17.46424919657298,0.1416901612087038,18.193405398660254
033_067,0.00045613501596472556,73.807857466455,0.0,373.12866,0.0,373.12866
042_067,0.35172057303204846,13.152946437965905,0.0,25.54699877775464,0.17454865697930427,9.219544457292887
053_067,0.4310889273708872,11.0,0.012502948808681292,13.076696830622021,0.32681903500055204,8.602325267042627
059_067,0.1585712660675691,12.24744871391589,0.0,22.494443758403985,0.760953195127164,8.12403840463596
068_067,0.6549796822509425,5.0,0.26653640595368083,9.486832980505138,0.704653824146481,8.18535277187245
073_067,0.7723651263373549,4.123105625617661,0.5465415363225582,8.366600265340756,0.7948988502401397,5.385164807134504
077_067,0.40076370036693415,50.00949905018996,0.14117531639360345,6.48074069840786,0.6156494792115004,8.706289117233913
079_067,0.3949502549954017,21.118712081942874,0.08280992743459967,13.870764941977809,0.4083169744801891,12.083045973594572
092_067,0.42652872842537926,20.223748416156685,0.027830487033523088,18.24828759089466,0.30684428112080847,14.177446878757825
109_067,0.6963042431142444,5.0990195135927845,0.008888888888888889,21.603229222674265,0.14258309167967878,12.083045973594572
124_067,0.6010059286616776,10.04987562112089,0.08336276933945602,10.488088481701515,0.0,18.81488772222678
136_067,0.7055853402547301,7.0,0.0,12.780831433825401,0.0,20.049937655763422
152_067,0.7636173996091811,61.18944485084554,0.8589179181238429,3.7416573867739413,0.8580164341677814,4.123105625617661
156_067,0.8189468334753299,4.123105625617661,0.931281578391255,3.0,0.8013614703880191,8.306623862918075
157_067,0.707420729995626,49.84576146060716,0.024717893605588393,12.461909271211644,0.02555215218442689,26.912820876604936
167_067,0.6550128392233655,46.25905191793042,0.7179301570588752,4.58257569495584,0.3564784296491614,8.54400374531753
001_068,0.03246236487830758,73.02739212103907,0.0,52.392747589718944,0.0,49.85980344927164
002_068,0.03211848893326676,61.94352266379432,0.0,373.12866,0.0,33.61547262794322
004_068,0.015671215816511857,57.45607006996122,0.023165506159614355,12.891836993734143,0.5052830084028953,9.899494936611665
010_068,0.21966448506732866,19.72308292331602,0.03273438889877246,18.788294228055936,0.33139231705197286,11.045361017187261
022_068,0.0005010647626205688,61.43289021363068,0.0,373.12866,0.0,373.12866
035_068,0.7228852007121116,7.0710678118654755,0.24559430071241095,23.15167380558045,0.07552447552447553,16.401219466856727
047_068,0.6042533155457899,10.205375788001389,0.802000479819883,26.744157015811233,0.8120979046112928,4.69041575982343
000_069,0.8774681844538713,2.449489742783178,0.9004125352826229,1.0,0.9597622313671696,1.0
001_069,0.7357971460835643,7.810249675906654,0.10600225313736278,13.92838827718412,0.6911328531258426,9.219544457292887
004_070,0.15976977997960076,31.064449134018133,0.014492753623188406,18.43906897607068,0.08682341415625765,34.84250278036869
005_070,0.2863785623546895,26.870057685088806,0.015299827260014807,16.15549442140351,0.13415155554437766,31.464265445104548
019_070,0.33304930006086425,61.51219139475547,nan,0,0.0,373.12866
044_070,0.5541448525827168,53.68426212587819,0.0,373.12866,0.0,373.12866
061_070,0.8411093044702228,42.05948168962618,0.8596940330346803,29.430425807556272,0.8062298603651987,33.82824190385614
001_071,0.9094020212742431,2.8284271247461903,0.8658962450948626,1.4142135623730951,0.7705856770078283,2.449489742783178
002_071,0.004960522219151534,56.97367813297646,0.0,64.1552802850776,0.0,66.25669775422466
024_071,0.0014536164214606644,58.40376700179535,0.0,85.48099203916622,0.0,86.02790014165868
027_071,0.8398937726464565,39.703901212614575,0.3228516290157793,56.78686681478463,0.37360150848522944,17.07042624111031
052_071,0.007034895869610643,47.21228653645151,0.0,62.891970750098515,0.0,68.53758083874312
058_071,0.7202501710622666,8.660254037844387,0.6193588981717761,8.48528137423857,0.5572510703699638,5.196152422706632
062_071,0.06684265746099435,39.14204693735943,0.0,48.9351609402447,0.00013586165401859363,44.429719783046124
001_072,0.8082190325425241,35.932575406160254,0.8920382674051605,1.4142135623730951,0.8779011793831448,2.0
002_072,0.8243850021107572,3.7416573867739413,0.2851650112143544,9.0,0.7541790288732904,4.123105625617661
013_072,0.5956671525109315,5.0,0.5817480428122991,3.3166247903554,0.8160043735264975,3.605551275463989
021_072,0.6480251765520773,9.643650760992955,0.7288565629228687,2.8284271247461903,0.7927392277560157,4.242640687119285
029_072,0.8393330216612124,3.605551275463989,0.8405380306162188,1.7320508075688772,0.8447141560798548,4.0
037_072,0.7375274057195378,29.81945220881258,0.734360649045821,4.358898943540674,0.5283582089552239,7.0710678118654755
046_072,0.7505024528342662,5.830951894845301,0.42524033544692164,19.23148235926541,0.1809611103836585,20.615528128088304
055_072,0.590798480816902,46.41443714656461,0.47080581241743724,20.149441679609886,0.04723976929414996,21.831162677813925
064_072,0.5516388537996144,34.117441070855946,0.5942422596414992,12.24744871391589,0.0,24.186773244895647
073_072,0.5130195166346445,35.82038501286393,0.4626692456479691,10.246950765959598,0.0016470588235294118,21.77154105707724
078_072,0.6373151616976426,39.17779590894016,0.5394715513049116,9.894431223130114,0.007358351729212656,19.99871792656652
090_072,0.5447127268017313,36.72873534441391,0.6265886624974784,10.224940483511272,0.013405178078591143,21.863211109075447
105_072,0.002955723938801138,54.57105459856901,0.0,86.6769863750298,0.0,85.26429498916883
120_072,0.18504098813443223,33.71943060017473,0.37356397315872747,48.176757881783615,0.4097885896322039,54.441252642129164
000_073,0.9173718741085861,3.1622776601683795,0.9327603118063084,1.0,0.6573560359670939,5.0990195135927845
001_073,0.16065614309854512,40.01249804748511,0.07983175425925139,22.11334438749598,0.051584711101637336,35.24202037341219
015_073,0.09938890810561513,57.67148342118486,0.0,38.97236808207435,0.592571360797027,11.74734012447073
032_073,0.02169672877231438,99.82484660644363,0.0,373.12866,0.0,51.254268114957995
046_073,0.2962240259066282,48.641546028061235,0.0,373.12866,0.3868602367790781,17.4928556845359
060_073,0.41230965104786155,45.48626166217664,0.0,373.12866,0.4032650334540672,14.352700094407323
073_073,0.3390271395127027,40.50925820105819,0.012150668286755772,29.267728472627564,0.5815650017765212,13.19090595827292
087_073,0.4983389730990899,82.86012306395499,0.0073542410635364,29.086079144497972,0.6447680106070773,10.44030650891055
100_073,0.5974465247010624,10.816653826391969,0.006188712137720636,24.839484696748443,0.4879108020836849,11.789826122551595
119_073,0.5061007251679862,20.199009876724155,0.0007311500380807311,29.38026075276139,0.4937367123479094,10.04987562112089
135_073,0.5900321022082428,19.82422760159901,0.0024673501510188455,30.29603877174129,0.3650812909487988,11.704699910719626
155_073,0.5593544401847258,22.561028345356956,0.0012262833395782948,36.12962712835981,0.36656687970664703,14.035668847618199
169_073,0.5529597719527459,13.05755082051366,0.0,22.30134268779266,0.4620672078097607,15.0996688705415
186_073,0.5369247076218725,13.076696830622021,0.0,34.33729118645737,0.41605048499926317,20.273134932713294
202_073,0.570969387264101,21.42428528562855,0.0007261205360089775,31.843366656181317,0.40840435245776896,13.74772708486752
216_073,0.6554086916716734,32.449961479175904,0.31131895399885473,56.43580423808985,0.0,67.12264883231877
228_073,0.6065815279773686,27.910571473905726,0.0633662426428707,45.53240583045162,0.0016434754026514737,39.42080668885405
242_073,0.5153803354264367,20.639767440550294,0.0010842291131005855,35.510561809129406,0.28390216683716174,24.5316092062767
002_074,0.36631079012442597,23.08679276123039,0.02394413036248753,31.515065521716007,0.6362065824438846,17.0
014_074,0.017350411122957165,45.53295485023233,0.29345238095238096,28.872124421379272,0.3408767274850686,23.62202362203543
026_074,0.024225028702640643,61.33392202954239,0.0028680688336520078,19.80529930531725,0.3674858751422468,17.0
039_074,0.04689054137261403,32.51461151813042,0.0,101.85087134735781,0.0,106.55515003977987
000_075,0.7406900247075283,68.51277253184256,0.6850892343120323,2.23606797749979,0.35253569670113244,6.4031242374328485
002_075,0.6589441802385824,67.54628012629271,0.49564586357039186,5.0990195135927845,0.8011243851018974,2.8284271247461903
020_075,0.0005894778208969888,83.48891801820608,0.0,80.80222769206304,0.0,84.85782218013385
032_075,0.8033161459913052,46.05431575867782,0.5567562818485328,4.58257569495584,0.6331679073614558,3.844994432064271
044_075,0.007597875408913433,55.80322571321482,0.0,92.14336606899636,0.0,84.61028093906067
001_076,0.14198729552710398,76.46110099501452,0.0,31.78049716414141,0.1737622082280629,21.624057705660096
000_077,0.010773831728428626,53.600373133029585,0.0,75.48973434041909,0.0,94.82510158129087
001_077,0.008280535485410004,56.1159513863928,0.0,75.8069916156198,0.0,77.52999417165302
014_077,0.0025744543912000466,69.63476143421474,0.0,86.70524733187892,0.0,82.13403679352427
026_077,0.006001636810039101,39.65286829261506,0.0,373.12866,0.0,373.12866
033_077,0.00749063670411985,65.80273550544841,0.0,88.60022573334675,0.0,93.38629449764028
048_077,0.006162675824434304,70.32780389006896,0.0,75.92101072733058,0.0,373.12866
062_077,0.0013153064970023247,56.124860801609124,0.0,62.81719509815764,0.0,41.10960958218893
070_077,0.00223687583009064,55.036351623268054,0.0,57.99784466739798,0.0,373.12866
083_077,0.008176653751990682,41.641325627314025,0.0,88.27230523591894,0.0,373.12866
000_078,0.8791239851973598,2.449489742783178,0.9174033846931043,1.0,0.8586262424343384,4.123105625617661
001_078,0.021476575435862472,62.19646248548528,0.0,69.8541335012209,0.0,65.82476733575815
005_078,0.6497843916462333,44.06812907306141,0.7769333929369692,2.449489742783178,0.465326917633739,5.385164807134504
019_078,0.8937991613111337,37.96313828346916,0.8905683192261185,3.0,0.12994350282485875,6.6332495807108
029_078,0.0,64.09368143584827,0.0,59.49537743164978,0.0,58.91472878588442
037_078,0.0,60.841597495599665,0.0,373.12866,0.0,373.12866
039_078,0.88586026644011,3.3166247903554,0.8285870755750274,2.23606797749979,0.4385577630610743,6.4031242374328485
041_078,0.7998679280494982,4.123105625617661,0.8131033734678381,3.3166247903554,0.13616489693941286,10.377837521625857
045_078,0.6847757422615287,59.67369601981088,0.7258064516129032,2.23606797749979,0.487987987987988,3.605551275463989
056_078,0.7225266427924235,43.977266854592045,0.6414318041555236,15.984159535849763,0.2164009111617312,16.30950643030009
062_078,0.7042119927675845,46.16492129080385,0.8278571428571428,15.066519173319364,0.385146804835924,5.0
076_078,0.0,61.04096984812741,0.0,62.743923623848794,0.0,51.3088672957207
088_078,0.0,58.56620185738529,0.0,67.63135367564367,0.0,72.92461861401813
106_078,0.014840076198595922,49.8196748283246,0.0,71.47027217122272,0.0,82.19853980884417
113_078,0.8476071809998474,3.605551275463989,0.6151636990235497,10.63014581273465,0.05564830272676683,16.718113552751355
116_078,0.804385147948249,4.898979485566356,0.8233621349666411,2.8284271247461903,0.15554940492665376,11.40175425099138
119_078,0.006923019038302355,57.14017850864661,0.0,66.86067510452907,0.0,68.96774599036483
001_079,0.5693584476777913,10.0,0.01345565749235474,36.32904297051517,0.0403181316660537,35.11409973215888
014_079,0.772523923799366,9.486832980505138,0.3354110314006821,4.358898943540674,0.42374655123204263,9.224951861113164
000_080,0.7940266630505717,85.18802732778826,0.8749496666815803,1.7320508075688772,0.9162823200559049,1.4142135623730951
001_080,0.7843103652829592,5.196152422706632,0.01871750433275563,21.470910553583888,0.11585129954630183,16.30950643030009
018_080,0.0,89.22191414645935,0.0,373.12866,0.0,373.12866
001_081,0.8337933461042262,65.97840537218538,0.8763121719570107,2.0,0.9480740370185092,1.0
002_081,0.744207081043377,61.26989472816156,0.14429453464440886,12.083045973594572,0.56153716707207,10.04987562112089
006_081,0.5791034859163285,9.1104335791443,0.7924463584740272,3.5206814792679397,0.9251257979054427,3.0
001_082,0.9195573955191088,2.0,0.8666576418031677,2.0,0.9080220630927037,2.23606797749979
002_082,0.8818159312932036,3.605551275463989,0.2692612853384558,7.810249675906654,0.733578671467528,4.47213595499958
003_082,0.15003159733838892,95.6843768831641,0.48922434254248554,5.0,0.8548527491658204,5.0
000_083,0.9173337107107373,2.8284271247461903,0.8851721266455237,2.23606797749979,0.5864978902953587,10.646572166488477
002_083,0.04751084710184915,82.38325072488946,0.0,65.30696746902278,0.0,50.076940592081016
002_084,0.08920283439950513,55.36334520836184,0.0,100.12741872882151,0.0,56.397694423715016
012_084,0.033978456957702075,80.59652460408473,0.005691604882797873,39.87480407475377,0.0014803849000740192,39.989987503890994
001_085,0.01196311858076564,52.40133578263794,0.0,373.12866,0.0,373.12866
002_085,0.8648576304078697,40.36087214122113,0.18114233907524932,9.16515138991168,0.12121212121212122,16.55294535724685
018_085,0.9140806068085362,2.0,0.8907832714873132,1.4142135623730951,0.8808808808808809,1.0
025_085,0.919905272477418,2.23606797749979,0.8608272506082725,5.196152422706632,0.4338162029585345,5.477225575051661
042_085,0.003026481715006305,61.98386886924694,0.0,83.32076521625763,0.0,83.83465834586542
050_085,0.00524847117496883,61.59545437773797,0.0,72.0,0.0,75.51158851461145
000_086,0.8499353504008275,47.70744176750625,0.9198212456940694,1.4142135623730951,0.9265549232779045,1.4142135623730951
001_086,0.07601641344127759,77.80102827083971,0.0,75.21801640374824,0.0,72.69181489796827
156_086,0.7220426256799396,6.4031242374328485,0.7928826582193166,2.449489742783178,0.6239608076009501,5.0
169_086,0.6544429796446584,8.06225774829855,0.7717950867778989,2.23606797749979,0.6922751443764652,3.3166247903554
172_086,0.3084311632870864,73.61385739111897,0.4275175539952004,5.385164807134504,0.39439940107360744,12.083045973594572
173_086,0.0011075494403680471,60.51446108162907,0.0,76.01184090957891,0.0,97.64220398987315
181_086,0.6816225794203266,18.788294228055936,0.3526790340967976,17.46424919657298,0.11000037937706286,28.722813232690143
001_087,0.7838087785444974,2.8284271247461903,0.9068134791605085,1.4142135623730951,0.9435234104572782,1.0
002_087,0.7004203872472307,43.307620195628346,0.21184510250569477,8.3186191434026,0.495849609375,5.0
024_087,0.03505759685324509,67.23540723998875,0.0,52.896124621752776,0.0,60.242840434314296
001_088,0.002282248483711624,65.33758489567853,0.0,94.38167180240019,0.0,96.255649166996
002_088,0.020048540119143927,66.11353870426238,0.0,62.32976816898969,0.0,93.58258377198301
001_089,0.853710064866472,19.209372712298546,0.8773208722741433,1.0,0.8681408075728443,3.605551275463989
002_089,0.6398864093734628,19.87460691435179,0.02823570676955454,17.74823934929885,0.29959457148318425,16.76305461424021
045_089,0.4510625561209219,12.12435565298214,0.3578047468165242,25.25866188063018,0.0015798828253571194,32.202484376209235
046_089,0.014365424334905515,68.15276729418741,0.0,114.46833523328507,0.0,373.12866
056_089,0.2328367538285238,25.317977802344327,0.42739079102715466,11.678808600206056,0.02086281220178354,23.08679276123039
064_089,0.31510082398244377,52.017785306743335,0.04362790697674419,15.652475842498529,0.20429705356771807,23.021728866442675
001_090,0.010145674524591053,55.35341001239219,0.0,373.12866,0.0,373.12866
002_090,0.043102711023689386,35.73513677041127,0.0,373.12866,0.0,373.12866
029_090,0.00037026371004237463,36.64354903646743,0.0,373.12866,0.0,373.12866
000_091,0.7647084832995817,21.725364691369226,0.5862110263882789,3.1622776601683795,0.9549529746110004,1.4142135623730951
001_091,0.6634069616357793,10.954451150103322,0.03813229571984436,20.346989949375804,0.6706107730448502,3.7416573867739413
014_091,0.7313707845909928,7.0,0.00792910447761194,21.938548059652955,0.0,14.40997280462382
026_091,0.0006707657909446618,60.50619802962338,0.0,373.12866,0.0,373.12866
036_091,0.2751588097626212,47.08609125690342,0.0,373.12866,0.0,71.2762217213115
043_091,0.6391945146814279,19.949937343260004,0.0,30.547503430792982,0.0,64.1611242476411
