Patient_ID,DICE_Wholetumor,HD95_Wholetumor,DICE_Core,HD95_Core,DICE_Enhancing,HD95_Enhancing
000,0.9057924275112504,2.449489742783178,0.9416570917911401,1.0,0.930910081001974,1.0
001,0.8722778216860128,3.0,0.8888564334745144,2.0,0.9142433784034081,1.0
002,0.9161569672379337,3.3166247903554,0.8515784700696504,5.0990195135927845,0.8556582424112166,3.3166247903554
003,0.9032865115386909,4.123105625617661,0.9454475369479706,2.8284271247461903,0.8505607678205543,2.23606797749979
004,0.6238714054590053,26.248809496813376,0.4797683211326522,7.874007874011811,0.809744381540573,2.8284271247461903
005,0.9184949356201138,2.449489742783178,0.8518343035061595,4.123105625617661,0.802949646566018,3.1622776601683795
006,0.8959706074602777,4.242640687119285,0.8502388134741076,3.605551275463989,0.8328756564050682,2.0
007,0.8624284766348321,5.744562646538029,0.9056872651897914,2.0,0.8225832525056579,2.449489742783178
008,0.9031501095244833,4.242640687119285,0.9445050518014646,3.0,0.9000471939277146,2.23606797749979
009,0.8929238612357491,3.7416573867739413,0.9562344527363185,1.0,0.9149668874172185,1.0
010,0.7393829309153276,14.142135623730951,0.934369297780917,2.23606797749979,0.817172522408664,2.23606797749979
011,0.8937854598231957,2.8284271247461903,0.8168490084181984,5.385164807134504,0.8518632044489206,3.4641016151377544
012,0.8446163929960758,5.196152422706632,0.8201425147990034,6.2364775957843035,0.8714672750606017,1.4142135623730951
013,0.8529994662213226,4.358898943540674,0.7535779339058027,5.385164807134504,0.8520710059171598,1.7320508075688772
014,0.7223050544207544,12.083045973594572,0.7374937259494729,4.123105625617661,0.7993677042801557,2.23606797749979
015,0.8931259494919067,4.242640687119285,0.8734662471317276,8.54400374531753,0.5420681378154686,5.477225575051661
016,0.7714817397475625,17.69180601295413,0.7345560950092361,11.224972160321824,0.7517905655717461,2.23606797749979
017,0.8880634645568631,5.916079783099616,0.859057007400555,9.433981132056603,0.7622250367588185,7.0710678118654755
