Patient_ID,DICE_Wholetumor,HD95_Wholetumor,DICE_Core,HD95_Core,DICE_Enhancing,HD95_Enhancing
001_001,0.9428884368643404,2.449489742783178,0.9532010482965182,1.7320508075688772,0.8983234013647451,1.0
002_001,0.8226119867406683,4.242640687119285,0.3383443839033677,16.76305461424021,0.30154577883472056,17.916472867168917
044_001,0.7577141791740468,6.557438524302,0.6934744685254723,6.082762530298219,0.0,373.12866
056_001,0.03990527977547799,83.4574741735207,0.0,33.72091309884386,0.0,33.38113168982849
000_002,0.916820963661291,2.23606797749979,0.7980275509511638,8.06225774829855,0.008205849598499501,21.104482701524084
003_002,0.8473486037025416,9.695359714832659,0.8810425627527765,3.1622776601683795,0.5471933471933472,6.0
021_002,0.0,71.95033004679244,0.0,75.9012516365837,0.0,373.12866
037_002,0.4442216583565484,10.0,0.20228327577483998,33.18132004607411,0.40987163261616344,32.66496594212215
040_002,0.012777827769279222,63.03967004989794,0.0,77.67238891652555,0.0,94.69926051938776
047_002,0.7706405341089371,59.001694428629065,0.830506562370727,8.602325267042627,0.8391882888884887,5.0990195135927845
002_003,0.828364154109531,55.97274589535392,0.8471156346346718,6.164414002968976,0.3962892911825633,7.681145747868608
014_003,0.0,48.31148931672465,0.0,36.682418731350694,0.0,35.30925699203002
027_003,0.0006413735260743006,53.253168100397474,0.0,373.12866,nan,0
038_003,0.3324684428563779,21.118712081942874,0.4179970436067997,32.155870381627054,0.38666448766138256,31.76476034853718
001_004,0.8978464531165411,62.5859409132754,0.953320288050389,2.23606797749979,0.8993155524620073,1.0
002_004,0.8516694159335289,66.23443213314356,0.8842279314704943,3.7416573867739413,0.009415706322386853,22.561028345356956
020_004,0.48976647732395634,73.83291932880672,0.6918192431447364,7.0,0.39413249969941083,10.781910667299748
038_004,0.06871873450808959,76.00657866263946,0.0,91.27376401408611,0.0,90.74690077352504
041_004,0.7512910659915555,47.85551155388296,0.5105405135378159,11.40175425099138,0.03963046106026593,17.146428199482248
057_004,0.8502244185519336,7.810249675906654,0.6111778922195088,43.139309220245984,0.3506742887412541,40.47221268969612
071_004,0.6038803991472438,64.01757562234678,0.0,32.55917004523761,0.0,51.95190083144215
086_004,0.6345359530818557,21.095023109728988,0.5725828465360048,14.855944178609958,0.4591953293565173,13.99642400437688
001_005,0.011205630883495984,79.20227269466452,0.0,101.69341175325383,0.0,100.13366065077662
002_005,0.8168134872417983,74.576805982558,0.8653621740111538,5.0990195135927845,0.09142227729588324,17.18136160024402
015_005,0.005299590049827667,82.00609733428362,0.0,116.44226016701306,0.0,116.91599546614346
000_006,0.9527823396514022,2.449489742783178,0.949297982280196,2.23606797749979,0.9167980381853215,1.0
001_006,0.8832663122194334,34.30233157756847,0.9233278955954323,3.3166247903554,0.0005298013245033113,29.422777785265392
015_006,0.7840806242508744,27.331300737432898,0.83906517831013,8.0,0.0502839682486964,12.206555615733702
027_006,0.7206257523443421,14.212670403551895,0.8300819165513219,7.3484692283495345,0.002710394362379726,21.97726097583591
039_006,0.6247522330653936,26.019223662515376,0.8171817705605029,6.855266606700388,0.03403093721565059,11.704699910719626
053_006,0.6521780343832134,26.076809620810597,0.8096905195350791,7.0,0.02062306658750742,16.76305461424021
067_006,0.7213476402507766,15.394804318340652,0.775596594122114,9.848857801796104,0.006813880126182966,19.87460691435179
083_006,0.45269860659735356,38.11626920430534,0.3794034140698938,20.615528128088304,0.0,20.591260281974
097_006,0.6864493996569468,74.94797763683675,0.6956679324859758,11.357816691600547,0.007184553210597216,32.95451410656816
112_006,0.567092281666499,80.70997436503684,0.47914455017468005,17.11724276862369,0.0,36.89173349139343
114_006,0.42715531771447834,31.34723964252297,0.10084709414539995,24.535688292770594,0.0,33.26710015244931
121_006,0.19536980764066542,66.69820077944226,0.003316969616558312,37.38402498881242,0.001926596666987766,107.97036610226422
131_006,0.523146162749411,56.595052787324086,0.6307007973143097,82.54241329837816,0.3247813411078717,78.09097254767038
135_006,0.541963489326277,65.7419196555744,0.5030893536121673,17.846551830094835,0.1437468153767763,21.118712081942874
000_007,0.8834148226109431,25.08286166617694,0.9351772602369476,2.449489742783178,0.8382752187827036,1.4142135623730951
001_007,0.8474300264033547,5.744562646538029,0.8231457583110521,4.123105625617661,0.0011098163253981466,23.68543856465402
015_007,0.0,72.18725649309579,0.0,80.4630347969071,0.0,373.12866
028_007,0.0,73.06846104852626,0.0,373.12866,0.0,373.12866
041_007,0.04266767954926724,70.40454517884619,0.0037577032917480834,30.958838818921656,0.0,373.12866
055_007,0.0,68.05879652264301,0.0,76.87067058503243,0.0,77.94228634059948
064_007,0.1348979026148018,38.22302970723278,0.0,62.46118782589152,0.0,62.2390549982869
075_007,0.7590204917226039,41.77918013257482,0.32982199188823796,36.345563690772494,0.34967320261437906,30.692018506445613
089_007,0.06620901881879512,51.0,0.05993861036182681,61.71871668707907,0.07470386726649883,63.190189111918315
105_007,0.47875699727285775,15.427248620541512,0.3775060565019171,22.58317958127243,0.3174855990018847,23.430749027719962
000_008,0.35677287448177414,73.26834235376498,0.13012891475913296,99.76096359357966,0.4689449416870084,86.760301555615
002_008,0.17444123711340206,70.57478297500232,0.0008759845996255873,77.0159073800238,0.0,80.23091673413684
017_008,0.724998760228118,15.7797338380595,0.5938831943780277,22.02271554554524,0.19249701670644392,21.09027731674099
066_008,0.2993426176901268,53.86557322130172,0.09973394146712276,19.79898987322333,0.0,373.12866
085_008,0.30431496062992125,39.293765408777,0.13797942001870908,18.698926099309606,0.05700871898054997,97.28386298164845
001_009,0.9046799467201461,31.304951684997057,0.8957493899324669,1.7320508075688772,0.914849044978435,1.0
002_009,0.008652209104356805,56.1159513863928,0.0,70.43862503796882,0.0,70.2777575795967
014_009,0.004653524863710797,48.308901663276814,0.0,57.2210624305844,0.0,54.18486873657626
015_009,0.7429998748688529,30.903074280724887,0.8246233626894363,22.95537034717157,0.03723713739506276,17.146428199482248
024_009,0.029820101681658193,71.68228504262119,0.0,82.0582109895827,0.0,85.11903426103041
066_009,0.01636993922793803,45.28796749689701,0.0,100.89598604503551,0.0,100.87491905739238
000_010,0.003597203580934821,75.94537496050334,0.0,100.08346514164388,0.0,98.52715358630438
001_010,0.0030469831554822513,73.84443106964804,0.0,98.97171304805632,0.0,98.71701980297767
015_010,0.6217564870259481,10.488088481701515,0.7331587451941829,8.0,0.7025326932627048,8.602325267042627
000_011,0.5502850336084404,54.4426303552648,0.46164383561643835,15.297058540778355,0.20405789609718272,14.866068747318506
003_011,0.819038697968503,5.385164807134504,0.7983133599644918,4.123105625617661,0.048541575968654764,9.899494936611665
021_011,0.6927489024217532,91.6624241442479,0.8085612366230678,1.7320508075688772,0.6948480845442536,2.23606797749979
024_011,0.07100117984156414,72.5010340031982,0.0,32.155870381627054,0.0,36.24913792078372
028_011,0.04501356690626934,59.90826320300064,0.0,84.57541013793548,0.0,83.4772421611933
001_012,0.9241029992839905,3.7416573867739413,0.9403046862063256,2.23606797749979,0.8204515321842729,1.7320508075688772
002_012,0.6292581332439614,7.14142842854285,0.5849752883031302,7.810249675906654,0.009602528260605325,21.39509050088251
016_012,0.3570774035494549,13.0,0.20552096167293796,20.322401432901575,0.23306041784302653,23.62202362203543
022_012,0.3218950553941945,15.0,0.16348699843845474,16.34013463836819,0.06856563020946582,21.095023109728988
048_012,0.5498700853024806,73.11634564172364,0.4741770082484952,28.930952282978865,0.0,28.460498941515414
073_012,0.019171275651429443,77.80745465570763,0.0,86.54478609367523,0.0,102.7961572801308
084_012,0.4452859011757823,39.408120990476064,0.007093466857415355,30.159503449669504,0.0,97.02242005824296
000_013,0.496761138055803,19.4164878389476,0.47054893664402625,20.036213362068967,0.3856700303653038,18.681541692269406
001_013,0.8439985710883544,7.0710678118654755,0.5555275553918623,8.94427190999916,0.03148263027295285,15.7797338380595
017_013,0.031757175787786245,57.513474473320834,0.0,53.82750062834986,0.0,55.73373972125063
030_013,0.08604853524122595,26.767515999255536,0.3413440142412105,22.276650299929184,0.30404017347637524,22.10315388212887
000_014,0.012237537034651552,75.35250493513803,0.0,90.14321935163635,0.0,88.02840450672726
001_014,0.8423831700658423,72.2384936149328,0.8467177064668513,3.1622776601683795,0.05800398066533978,15.524174696260024
012_014,0.0005123265774535319,94.68658824299534,0.0,89.91829610795715,0.0,93.63866683693745
001_015,0.020803492258372552,66.44734685775083,0.0004948311657576833,57.253820833198546,0.002139733928737557,56.302753041036986
002_015,0.7761578113565633,54.18486873657626,0.8544718319428214,4.123105625617661,0.0,20.688160865577203
021_015,0.009648793900762405,79.42921376924235,0.0,373.12866,0.0,373.12866
037_015,0.12412100434384557,74.36228786111079,0.014670812328312252,24.49489742783178,0.0,373.12866
056_015,0.0,68.31544481301428,0.0,373.12866,0.0,373.12866
078_015,0.5648341478279516,13.490737563232042,0.3824653705454396,16.0312195418814,0.00022053958685584063,35.58089374931439
083_015,0.4940534314830116,53.45652370405355,0.4562551103843009,13.74772708486752,0.0,36.732138043747355
084_015,0.0001841055538508745,55.09491723856608,0.0,75.58968178924314,0.0,76.27941893631983
099_015,0.49442522956562096,51.45872132107443,0.3249960857992798,17.804493814764857,0.0,373.12866
111_015,0.48119196264624103,44.598206241955516,0.2620830759728227,18.384776310850235,0.0,373.12866
126_015,0.46172958075830967,50.21951811795888,0.25679622556728826,18.788294228055936,0.0,373.12866
140_015,0.5482648940352381,40.68113083002793,0.12348173963252428,44.22329672415486,0.0918328942416259,43.116122274620196
145_015,0.005931261551993629,50.40684464884958,0.0,90.21640649017229,0.0,89.11228871485683
146_015,0.7178447923251404,42.95346318982906,0.3671437636607206,13.0,0.023483166143400465,29.13760456866693
001_016,0.6782617917649866,51.56937017115512,0.9197723893986774,2.23606797749979,0.8266008114305874,1.4142135623730951
002_016,0.0005545740475190734,78.10377707539602,0.0,373.12866,0.0,373.12866
000_017,0.8832572128773533,35.537299081931465,0.8867107207773456,5.0,0.749681174585527,2.449489742783178
001_017,0.4139604967229055,81.79028054419344,0.4992217528032782,58.510248556939565,0.414082745062997,60.834200707132446
016_017,0.867100471613635,65.12987021862759,0.9512088278854377,1.4142135623730951,0.7559512289529707,1.7320508075688772
035_017,0.8604782122242722,27.40527903272639,0.7960378514534686,7.681145747868608,0.7826339648959665,5.477225575051661
000_018,0.6840546239582287,58.07880817310022,0.8719871451526513,1.4142135623730951,0.8528052805280528,1.0
003_018,0.015126785193821043,75.98552489173049,0.0,85.56839368819577,0.0,83.37865369566633
017_018,0.0007578395428384163,59.57096578085886,0.0,60.63827174318213,0.0,59.77290229565014
034_018,0.7548206785641794,55.39584762403519,0.5043205027494109,9.052615881230537,0.2918760469011725,6.4031242374328485
063_018,0.09277348744438194,82.02560567667302,0.0,19.90351525758823,0.0,373.12866
082_018,0.1724411348984728,28.185988045850422,0.0,65.67647970232709,0.0,373.12866
005_019,0.8449781125431024,99.39818911831343,0.8565322885826859,3.7416573867739413,0.7859717868338558,2.8284271247461903
015_019,0.9032286979437443,3.0,0.9435243047968652,1.7320508075688772,0.8925789860396767,1.4142135623730951
022_019,0.9315197466049806,2.23606797749979,0.9482763182263143,2.0,0.9312748241112558,1.0
031_019,0.8499845576467725,3.7416573867739413,0.8925068584031127,2.8284271247461903,0.6876894727456458,2.449489742783178
055_019,0.7164597278285899,79.91245209602819,0.9485722159071338,1.4142135623730951,0.9155052003716693,1.0
061_019,0.8631759637762092,3.7416573867739413,0.9493749715205735,1.4142135623730951,0.914522330671399,1.0
075_019,0.8372969054286485,4.58257569495584,0.8775709027928122,4.358898943540674,0.8347350021437288,3.7416573867739413
090_019,0.7970421648835746,5.0,0.5773739504319961,9.0,0.5313432835820896,12.328828005937952
117_019,0.7677593550349863,5.196152422706632,0.3163878512262466,19.8997487421324,0.17238315265683313,9.899494936611665
137_019,0.8718850792790351,57.706152185014034,0.9314871965968805,2.0,0.9075005282062117,1.4142135623730951
138_019,0.8389019331180116,6.48074069840786,0.9153223423742836,2.0,0.8896225707210925,1.4142135623730951
141_019,0.7400940754843768,82.15229759416349,0.6811394536522913,7.280109889280518,0.070075972332464,11.384179227235062
150_019,0.6120414440397103,12.884098726725126,0.4135759809567688,22.21935853297736,0.6781715459681561,19.949937343260004
001_020,0.015195910918516471,66.73829485385434,0.00017140604377710358,60.80624954536186,0.00014542986644690598,55.903488148791276
002_020,0.7888004960811941,11.090536506409418,0.3015894955079475,24.11638233273295,0.00371219565454744,35.9722114972099
001_021,0.8911661594174982,91.40021881811882,0.9042851796407185,2.23606797749979,0.7935555204549044,1.4142135623730951
002_021,0.07111077453189193,80.1255262787621,0.0,96.9174894457131,0.0,92.70706543399139
022_021,0.06102737922864288,51.30107011353489,0.0,94.02659198333204,0.0,93.73366524360391
035_021,0.5628254854339605,19.595917942265423,0.0,40.17461885320133,0.0,39.64340886468015
000_022,0.9080879673781831,53.786615435440815,0.9777159267143523,1.0,0.9297842272890258,1.0
001_022,0.8931535641353284,3.4641016151377544,0.8376314446145993,5.0990195135927845,0.047007848266841075,17.4928556845359
037_022,0.8677432169137351,56.02677931132576,0.8681765099264376,5.916079783099616,0.8484365513054037,3.605551275463989
039_022,0.043401689501805917,58.180752831155424,0.0,373.12866,0.0,373.12866
045_022,0.26916914057162733,73.98648525237566,0.15013843443241884,32.71085446759225,0.0,23.874672772626646
053_022,0.4584494990479098,22.02271554554524,0.8561388095761037,3.605551275463989,0.7401706425213304,7.0710678118654755
000_023,0.7969864550773423,51.895568097535595,0.8874400767018217,3.7416573867739413,0.7952695652173913,3.0
001_023,0.8342916564717396,87.96814585355878,0.834214940007741,4.123105625617661,0.09207403891789274,18.138357147217054
024_023,0.0,373.12866,0.0,373.12866,0.0,373.12866
039_023,0.0,373.12866,0.0,373.12866,0.0,373.12866
046_023,0.007653061224489796,112.1124434881599,0.0,373.12866,0.0,373.12866
059_023,0.0,373.12866,0.0,373.12866,0.0,373.12866
084_023,0.0,373.12866,0.0,373.12866,0.0,373.12866
097_023,0.6587070471753058,11.886952047270407,0.471384453643472,20.784609690826528,0.4091239990293618,21.095023109728988
099_023,0.38029048883335936,89.94553905033828,0.0008217770929635337,17.11724276862369,0.0,27.49545416973504
111_023,0.6732677104324911,89.05026669529084,0.7567060589007691,13.45362404707371,0.6133004926108374,12.1262743483432
115_023,0.5187216214437693,59.4882340550797,0.7295654131952263,31.247384152796048,0.502548020384163,29.274562336608895
127_023,0.023991989046246907,55.86591089385369,0.0,63.29296959378664,0.0,61.91930232165088
001_024,0.5294796925005774,56.63214403635612,0.660185325839283,4.123105625617661,0.4916261480280929,4.123105625617661
015_024,0.7735376711583255,53.995350516103905,0.885450723960766,2.23606797749979,0.26381724392041267,4.69041575982343
018_024,0.788117440879292,51.62363708797905,0.8794239822763777,2.449489742783178,0.4334847501622323,5.385164807134504
019_024,0.6767405004975491,53.86093203798092,0.774163889208137,9.0,0.3486853123429911,7.280109889280518
031_024,0.39086165847728077,61.00819617067857,0.6353526970954357,6.082762530298219,0.0,373.12866
043_024,0.4365229790119807,31.144823004794873,0.48611282557708924,18.2208671582886,0.04131179637787567,74.20916385460761
046_024,0.012562319980566576,71.47726911403373,0.0,100.86723804592796,0.0,102.50609729258281
060_024,0.8613129045040285,5.477225575051661,0.8220575133167782,9.539392014169456,0.838786545687838,6.6332495807108
000_025,0.8908716907541474,71.18286310622803,0.8707021791767554,4.358898943540674,0.8368336025848142,3.1622776601683795
001_025,0.83272577771687,62.80923498976882,0.8631456084038518,2.449489742783178,0.6636871508379888,2.23606797749979
019_025,0.0,84.50442220662944,0.0,373.12866,0.0,373.12866
030_025,0.007113821138211382,71.70704285928855,0.0,373.12866,nan,0
043_025,0.6410256410256411,61.84658438426491,0.4444444444444444,2.0,0.0,373.12866
055_025,0.61795166858458,63.79890242209522,0.0,373.12866,0.0,373.12866
059_025,0.8901533084849059,42.02380277890139,0.7498132191064402,7.0,0.2781401220281927,7.211102550927978
070_025,0.9125787600796579,50.519302892531606,0.9364494588993784,2.8284271247461903,0.8416862082129029,2.23606797749979
002_026,0.4046470121628768,57.07889277132134,0.15443920944746986,68.04336848760401,0.33482142857142855,8.12403840463596
001_027,0.9410148332825139,2.8284271247461903,0.9393964886849717,2.0,0.7964297195590099,1.4142135623730951
002_027,0.8870476773717105,5.0,0.6144731040564374,13.038404810405298,0.19415006358626535,11.357816691600547
014_027,0.7844688354922706,5.196152422706632,0.7802678511339929,6.164414002968976,0.7114253393665159,5.196152422706632
001_028,0.9336794114720807,69.0021736847872,0.9304259340020352,2.0,0.8307681420939037,3.0
002_028,0.9245358464817511,4.0,0.7625261722744315,17.88854381999832,0.011483959332033925,20.346989949375804
015_028,0.7007991320788833,78.56844150166147,0.8084942486857857,48.93209556362418,0.3730370815192914,8.06225774829855
020_028,0.8965864904326443,38.704004960727254,0.6579620690564744,66.97163538758997,0.6828446241995282,63.00793600809346
021_028,0.8512526283450303,50.049975024968795,0.6409786442278319,17.204650534085253,0.0019448631302572082,17.0
025_028,0.6828491842419419,50.920525375831616,0.4144309927360775,6.164414002968976,0.00438763830599008,17.578395831246947
030_028,0.7852500819351074,54.30469592954186,0.4713096957720018,68.5667557001067,0.4421701415309694,63.37112897975988
035_028,0.031655579848350934,55.47071299343465,0.0,78.08969202141856,0.0,78.92717991399846
038_028,0.010887173862733064,81.40638795573723,0.0,110.79846564648233,0.0,106.53497076253527
001_029,0.008441699512740139,41.95235392680606,0.0,55.66462054151325,0.0,55.005454094740166
002_029,0.8883347094208638,18.57417562100671,0.9090382200470103,4.123105625617661,0.08366805608184918,12.529964086141668
010_029,0.6210704144351389,39.45883931389772,0.4145110988809393,10.63014581273465,0.005448567402536402,16.673332000533065
022_029,0.5112860964969892,14.866068747318506,0.16475040949064135,21.470910553583888,0.005069440777314253,34.932076399687546
033_029,0.499307448564616,13.076696830622021,0.2175307699916628,21.400934559032695,0.000758833293810766,36.24913792078372
045_029,0.5005443126308444,31.160872901765767,0.41718620513801236,17.74823934929885,0.0,33.60059523282288
059_029,0.07727665134510837,30.76117602555911,0.0,61.27805479941412,0.0,40.96582896581563
100_029,0.4522437676300115,24.64142050719842,0.29697350305548176,19.6468827043885,0.0,39.370039370059054
112_029,0.5031943883443226,12.569805089976535,0.3560166170986168,18.35755975068582,0.0,38.948684188300895
152_029,0.1772632721352989,32.64965543462902,0.15306029648043168,20.688160865577203,0.0,373.12866
165_029,0.1390016718414139,24.779023386727733,0.04223681088349284,25.02798242427529,0.0,373.12866
207_029,0.06215227157775728,47.89572005931219,0.02056761865075231,34.49637662132068,0.0,373.12866
223_029,0.1849142786599386,31.70961704960799,0.028458683075276728,46.66904755831214,0.055487901731349605,52.583267300539625
255_029,0.626266887324096,29.68164415931166,0.7231439960139512,19.4164878389476,0.6320366781679823,11.545544887106594
000_030,0.8917249897076986,3.0,0.9186292694808237,2.23606797749979,0.8255950913523434,2.23606797749979
001_030,0.7154745068850019,33.66006535941367,0.6010797211593899,16.522711641858304,0.0032953864589574597,13.341664064126334
017_030,0.0,373.12866,0.0,373.12866,0.0,373.12866
025_030,5.557099194220617e-05,67.14908785679818,0.0,54.539892084867674,0.0,373.12866
041_030,0.20875791792894519,53.54530711157446,0.0,47.28265803542168,0.0,373.12866
052_030,0.7963839418129296,31.71750305430741,0.9009518909184461,6.708203932499369,0.8559533721898418,5.744562646538029
067_030,0.0,66.18950065750414,0.0,68.240748967077,0.0,78.64413493696674
085_030,0.8412019920925794,27.459060435491963,0.8556020788869158,4.898979485566356,0.6325912084406262,4.123105625617661
000_031,0.004069205350572142,86.36550237218562,0.0,96.21330469326995,0.0,95.00526301210897
002_031,0.00020636184074761946,91.00549433962765,0.0,373.12866,0.0,373.12866
015_031,0.4247057184648603,35.12833614050059,0.2196988157317608,16.401219466856727,0.7542823390431187,5.744562646538029
018_031,0.0002675074042227954,104.40785411069419,0.0,117.87387257008223,0.0,116.75529935457644
032_031,0.00021399987160007703,88.26097665446491,0.0,104.21347856590478,0.0,373.12866
046_031,0.5671960632224101,94.78396488858229,0.5757466986567925,10.0,0.0,373.12866
059_031,0.5068988546011265,96.34313675607619,0.4491338332106844,14.422205101855956,0.0,373.12866
074_031,0.0,90.4837001035459,0.0,373.12866,nan,0
087_031,0.0012026070803491855,87.48542731872774,0.0,117.18894974342662,0.0,373.12866
105_031,0.00016172070833670252,50.25932749251625,0.0,373.12866,nan,0
123_031,0.336949992031091,46.22769732530488,0.0920335429769392,22.891046284519195,0.0,373.12866
142_031,0.32587901060807467,84.40941889583897,0.04393747359526827,27.331300737432898,0.0011675423234092236,38.48376280978771
148_031,0.35390350718448005,88.83383360048853,0.1329766436876222,23.345235059857504,0.0002875491229751749,37.13017585120469
151_031,0.019722280121887065,55.18604877573605,0.0,80.66597795849252,0.0,64.11393343105314
165_031,0.27802207224311315,82.84443165203204,0.01475323726220111,34.23375512361188,0.0,40.45985664828782
170_031,0.008961080127134254,76.71994524230531,0.0,97.88717994534179,0.0,104.18253212511203
184_031,0.0025968689649504867,54.96362433464518,0.0,95.7601169589929,0.0,95.65040512198576
190_031,0.7990591934622774,35.958309192730404,0.567004291303799,23.40939982143925,0.6537378375131802,22.80350850198276
001_032,0.962867264854608,1.4142135623730951,0.8942861793911769,2.8284271247461903,0.7998295968901432,2.0
002_032,0.9228359527698198,2.8284271247461903,0.7793137859176426,5.744562646538029,0.6071036250457708,7.0
013_032,0.0,77.33175259792202,0.0,77.75602870517501,0.0,89.75577943143506
027_032,0.3097337304278595,44.71240298863349,0.17172115005907837,9.539392014169456,0.0,21.57312347927312
040_032,0.32081630252595056,56.86694989308167,0.2064934150292274,12.24744871391589,0.029000698812019568,20.273134932713294
044_032,0.0007984781944998943,64.93843238021688,0.0,68.59008339998049,0.0,81.096237285576
046_032,0.6953405017921147,57.403828820377576,0.7858812529219261,3.4641016151377544,0.12689621960028893,10.401905178112713
055_032,0.6208032322522562,53.41348144429457,0.8323919071582623,3.605551275463989,0.4193583948847977,3.605551275463989
067_032,0.5789309028719211,46.41174164385389,0.5717599915638512,23.430749027719962,0.42508108108108106,5.385164807134504
069_032,0.0,80.9135340965898,0.0,66.14529420255727,0.0,65.87526080207535
075_032,0.5986887363293041,45.6464667108825,0.6076624000698965,7.14142842854285,0.0028924125819947315,14.491376746189438
085_032,0.49427526248277825,46.64546871649127,0.3249889233495791,9.433981132056603,0.0009360791655522868,28.0178514522438
096_032,0.5777080698203896,10.862780491200215,0.4366651938959318,10.198039027185569,0.012139229530533879,29.220709687366142
000_033,0.8980124505544388,56.78203916814735,0.9327762302692665,2.23606797749979,0.8879303193695562,1.4142135623730951
002_033,0.0723598944426227,70.96477999684069,0.002407028523288001,66.07382161933509,0.014528441270623,65.22422846495321
006_033,0.1347180874031316,49.6905419243896,0.0,373.12866,0.0,373.12866
031_033,0.6710223795424848,6.4031242374328485,0.6462268075547051,8.54400374531753,0.02682763246143528,15.264337522473747
049_033,0.7688948510103893,83.36666000266533,0.6097915400671088,12.36931687685298,0.05146936742487133,15.811388300841896
063_033,0.6526949174241454,8.06225774829855,0.07529191236771196,22.507760675794568,0.005116179918993818,19.949937343260004
076_033,0.030163414526714533,77.48999929833884,0.0,83.47454701883683,0.0,68.25503637049611
084_033,0.026746146907721872,73.24718420566941,0.0,64.20280367709809,0.0,64.28841264178172
095_033,0.028302516520926507,78.96201618499872,0.0,71.58910531638176,0.0,74.54528824815154
104_033,0.6439448123110998,32.747513860172965,0.504851383669286,17.95271113813186,0.02160928796725052,15.394804318340652
001_034,0.00913297032412254,66.45825748628049,0.0,83.40863264674707,0.0,77.79203037641517
002_034,0.007336742187287513,70.46275611981126,0.0,76.53757247260981,0.0,72.67220888215051
014_034,0.8269737426363932,81.79853299418028,0.9199900129377852,2.449489742783178,0.21454545454545454,22.693482587692348
028_034,0.7071262946359561,83.51047838445186,0.8824725498169987,3.4641016151377544,0.0013091147111765667,15.08806647651374
040_034,0.7251775691650524,74.50905875170858,0.8145045678144764,5.0,0.5243110969252048,6.0
044_034,0.6387636723832548,63.0,0.8542052164958407,5.0990195135927845,0.012571703362758905,14.212670403551895
058_034,0.0010125781188197137,56.60388679233962,0.0,76.90253571892151,0.0,74.82312111224994
002_035,0.8880082049648003,9.0,0.5074457973113656,17.146428199482248,0.0005012112605463203,27.76688675382964
008_035,0.8868175765645806,5.0,0.8023426627493428,4.242640687119285,0.6760430107526881,3.4641016151377544
019_035,0.7809128444819424,14.7648230602334,0.752887669650592,7.14142842854285,0.7718732360293524,5.0990195135927845
024_035,0.867087143908336,7.280109889280518,0.7940498780157225,6.782329983125268,0.7762245541176906,5.830951894845301
036_035,0.7369686440875143,10.099504938362077,0.6577581977053732,11.90166366754162,0.5961058000041296,11.357816691600547
050_035,0.13830600003068286,33.27160951922825,0.00013762730525736306,70.8590149522275,0.0003475480485177076,67.08949247087803
000_036,0.07513681408075729,38.48376280978771,0.0,373.12866,0.0,373.12866
002_036,0.5937183763726996,63.01824282464588,0.7990135635018496,9.899494936611665,0.6776205087597743,2.449489742783178
005_036,0.7747619724314339,58.0430874437258,0.8785600614607914,2.449489742783178,0.5487297136545161,2.8284271247461903
000_037,0.021408275271495854,78.57480512225277,0.0,80.03280548417365,0.0,79.94683527144173
001_037,0.8393179115356582,6.164414002968976,0.6687395581956562,25.317977802344327,0.5405512986366803,3.7416573867739413
002_037,0.8564903462581778,62.75426475961601,0.9560886829913964,1.4142135623730951,0.7973852749695655,2.23606797749979
015_037,0.8825825882829357,8.48528137423857,0.8898549355006379,2.23606797749979,0.8453822206848841,1.7320508075688772
025_037,0.0009403246470844059,52.93203108087661,0.0,373.12866,0.0,373.12866
029_037,0.016705369204552477,58.034472514187634,0.0,93.49679135400145,0.0,93.01075206662937
037_037,0.011062699428238228,59.541581895506326,0.0,80.00624975587844,0.0,82.29489650557795
000_038,0.0,76.42708941303633,0.0,90.82400563727631,0.0,89.56003573022959
002_038,0.00032817820076301433,81.6026960338934,0.0,84.00595217006948,0.0,83.19254774317228
023_038,0.6743419182443573,25.573423705088842,0.7987975391498882,4.58257569495584,0.6291839630077243,4.58257569495584
001_039,0.05727146864602738,58.077534382926416,0.0,71.92357054540605,0.0,85.65628990331066
002_039,0.9150622731295615,3.605551275463989,0.7922599727777196,8.0,0.005552801189885969,23.790754506740637
017_039,0.11287515164301914,85.901105930017,0.11172807678578511,18.81488772222678,0.0,373.12866
044_039,0.5071394302163533,60.162280111415484,0.3004554848394493,28.538564228454995,0.6046897205116059,8.54400374531753
000_040,0.7262255215666198,84.43547827792878,0.8146681070699796,3.1622776601683795,0.09171974522292993,9.273618495495704
001_040,0.7991738549386466,108.23123393919151,0.7429263859436535,4.69041575982343,0.2243436754176611,6.708203932499369
015_040,0.9025128249202055,55.936571157053024,0.826385207820149,5.0,0.5367704681377604,9.433981132056603
028_040,0.8029300989283008,57.21887800367987,0.8633429659437708,3.3166247903554,0.7718802102019712,2.449489742783178
000_041,0.932745896398236,18.684216216429398,0.957345971563981,2.23606797749979,0.8832826132926347,1.4142135623730951
002_041,0.8247890162488979,5.830951894845301,0.7644551426708791,6.4031242374328485,0.0013742682021823378,24.899799195977465
020_041,0.5164996711671631,67.27703779482745,0.357869830720785,26.98795883220166,0.5566435565720821,26.465065652664546
038_041,0.4026342341359658,13.076696830622021,0.3741692433450617,12.165525060596439,0.0019587871190159052,29.563490998188964
001_042,0.8883253181888696,78.88028899774027,0.9504451537040148,1.0,0.8978222550747711,1.4142135623730951
002_042,0.7984474963746482,77.35050070059528,0.5877231872959574,9.433981132056603,0.22738728647437692,9.273618495495704
004_042,0.1614917104229545,103.1746092796091,0.0017630853994490359,16.30950643030009,0.0,17.291616465790582
010_042,0.0,130.8464749149308,0.0,373.12866,nan,0
022_042,0.0,373.12866,nan,0,nan,0
035_042,0.0,94.07045229349697,0.0,85.10816617865412,0.0,373.12866
049_042,0.00367964764586179,76.85148010678391,0.0,71.54963236261055,0.0,66.34003316248794
055_042,0.010973327836097809,84.26743143112884,0.0,86.82280787996501,0.0,66.97014093690626
060_042,0.6926584897698036,67.89293031366842,0.46577413085726627,10.816653826391969,0.4071151531362846,9.433981132056603
061_042,0.7237080547397363,68.32934940290546,0.6784198975859547,6.6332495807108,0.3905843141339444,6.082762530298219
062_042,0.8141544587249712,80.8084154033477,0.727769815896814,11.006804152578074,0.017011882345302255,17.05872210923198
078_042,0.0614009266830199,72.48448109768049,0.0,81.60790399963477,0.0,83.83227299473782
081_042,0.8459173389966578,54.86346689738081,0.7005062898978452,9.433981132056603,0.47765461202788784,9.219544457292887
082_042,0.8139366885686574,50.08991914547278,0.490058999434252,11.357816691600547,0.27920209498561316,11.489125293076057
000_043,0.0,373.12866,0.0,373.12866,0.0,373.12866
002_043,0.7074829931972789,4.0,0.0,373.12866,0.0,373.12866
018_043,0.0,373.12866,nan,0,nan,0
030_043,0.0,373.12866,nan,0,nan,0
053_043,0.0,373.12866,nan,0,nan,0
067_043,0.0,373.12866,nan,0,nan,0
070_043,0.8697437903383533,2.0,0.8607594936708861,1.7320508075688772,0.2175,4.47213595499958
084_043,0.0,93.24349605305657,0.0,373.12866,0.0,373.12866
098_043,0.7002801120448179,95.60700803837723,0.6014081308198955,4.358898943540674,0.30038022813688214,5.0990195135927845
106_043,0.07594519418975997,83.60023923410746,0.0,373.12866,0.0,373.12866
116_043,0.7898516378855492,73.30757123244501,0.6566448034511599,12.186040338165071,0.3371608053138355,7.218003284763132
002_044,0.5886256774243143,63.0,0.0002650129856362962,42.95346318982906,0.0,59.50882233545384
001_045,0.6738485415620578,83.10956446026931,0.9101785552433608,2.0,0.7203868860695892,2.23606797749979
002_045,0.7499871233582281,92.91824360892151,0.8730772428702087,3.0,0.03608210810426877,12.36931687685298
017_045,0.7908614232209737,5.656854249492381,0.3783091374893254,15.264337522473747,0.6918224825411129,14.866068747318506
028_045,0.827275969748364,4.242640687119285,0.37448450682910217,8.794843155019596,0.43991664737207686,8.48528137423857
000_046,0.7087242826435566,57.524342642153194,0.8702319712705038,2.23606797749979,0.7184957994399254,2.23606797749979
001_046,0.047323434713117604,57.62811813689564,0.0,75.65249242940402,0.0,53.23532661682466
016_046,0.3668181818181818,31.336879231984796,0.7410739387123981,37.216913907231195,0.6344969199178645,34.36384015792514
064_046,0.7416962313407859,6.0,0.8816777234636871,3.0,0.804591550049501,2.23606797749979
001_047,0.021992152966018107,61.04096984812741,0.0,81.04381528885817,0.0,80.53570636680354
002_047,0.8125778916566854,48.959677235934876,0.48497569010866387,9.848857801796104,0.515609990393852,9.848857801796104
001_048,0.9116397463441422,27.469982171037664,0.9348885141465243,2.0,0.8990807070235607,1.4142135623730951
002_048,0.9176686388022987,3.1622776601683795,0.792683708117112,5.744562646538029,0.019342359767891684,18.379332998817333
013_048,0.6764324406805524,34.79942528261063,0.7190207572908601,13.152946437965905,0.05883010848898333,10.770329614269007
023_048,0.6545888911009357,57.4978260458602,0.6716089613034624,8.06225774829855,0.004786979415988511,31.822945715502623
045_048,0.7502707685217191,6.4031242374328485,0.7413667610190052,43.359543282709865,0.10606610969851071,42.1070065428546
049_048,0.8902714256713994,3.1622776601683795,0.8376195800720586,4.47213595499958,0.7700186219739292,4.0
000_049,0.9178688112591104,3.7416573867739413,0.8308606657352583,4.898979485566356,0.1879114302812687,14.0
019_049,0.006349169966363152,60.844062980705026,0.0,79.81478539113519,0.0,79.0
029_049,0.0686989582621225,69.0869017976635,0.08842652795838751,77.41446893184762,0.09601301871440195,74.08778484566932
046_049,0.8672647482946516,39.699496123596916,0.949333576775607,2.0,0.9172763384915805,1.4142135623730951
000_050,0.9261857443716074,2.449489742783178,0.9365497017293671,2.0,0.8002678400612205,1.4142135623730951
001_050,0.8261773961277935,5.0990195135927845,0.7931771124330365,7.874007874011811,0.448147285015148,9.1104335791443
048_050,0.9020660740561569,3.4641016151377544,0.8981445963134199,3.7416573867739413,0.8763860369609856,3.0
051_050,0.015853892759240828,64.41273166075166,0.0,93.17188417113823,0.0,91.58930058104566
061_050,0.9207717041800643,4.47213595499958,0.9264578045133697,2.8284271247461903,0.8403013388785524,2.0
001_051,0.08239167021138873,41.78516483155236,0.0625,62.292855988504265,0.07916541648394765,58.2520382684907
002_051,0.8260445888085044,15.165750888103101,0.7441187681421465,11.916375287812984,0.028008381295918098,13.490737563232042
012_051,0.0,55.37869614712694,0.0,65.31079532012726,0.0,57.33410682337616
023_051,0.06814469574840519,53.88877434122992,0.11466078066914498,58.29236656715869,0.09035251659470259,57.28001396647874
036_051,0.6596473635831871,24.919871588754223,0.29031828472499666,29.223278392404914,0.1829414587332054,44.78615501598696
050_051,0.6078644888082274,26.265946915495952,0.013978130988614586,34.26368339802363,0.0,54.378304497290095
064_051,0.6280859323848624,45.69901341981997,0.0031790625462073045,38.118237105091836,0.0,59.413803110051795
077_051,0.6378774838154398,31.1110904803896,0.0005064756529918241,37.80079320248043,0.0,35.90264614203248
089_051,0.5653850634261786,19.44222209522358,0.3667205584212282,15.059874614330049,0.318578110383536,14.866068747318506
103_051,0.571146304827767,16.97056274847714,0.14938262252859633,29.10154133017878,0.00037144802823005016,28.710624101977285
000_052,0.015897590816403594,61.28866115379112,0.0,74.42647244675076,0.0,65.1283347524125
002_052,0.1045405725137369,54.69734654585574,0.2518219879051016,19.4164878389476,0.2211650034810861,18.601075237738275
089_052,0.7572258273295522,16.07481781829777,0.5829255947359541,7.280109889280518,0.29805128205128206,8.06225774829855
115_052,0.7775361557303498,8.06225774829855,0.4983675990470308,12.083045973594572,0.32226890756302523,13.92838827718412
119_052,0.2122384958546373,38.57654700184844,0.4756157233730223,82.13160102709428,0.3957559681697613,35.58651031062404
133_052,0.7850343084145901,8.54400374531753,0.23203479576399394,84.52070655129009,0.015069398545935229,81.29729260462173
148_052,0.6208405193331392,16.278820596099706,0.1533467010407715,49.063216511593836,0.09792602095360274,36.93822058354492
168_052,0.7410394214487567,12.165525060596439,0.005821474773609315,89.74408058473828,0.001634320735444331,89.54328562209453
002_053,0.005108925681563551,67.63135367564367,0.0,71.4548808141565,0.0,70.46559414142428
002_054,0.8276760666374164,5.830951894845301,0.8995840105788038,3.1622776601683795,0.08456140350877193,11.508672078793682
014_054,0.5946481042095505,56.363995537193176,0.08952895289528953,37.22902093797257,0.11147213196700825,36.837480912787726
026_054,0.0215171173485773,64.89221833163049,0.0,80.62257748298549,0.0,80.06528558155638
028_054,0.41761151469889335,60.35726965329032,0.044492468060764,22.58317958127243,0.0,26.629869603022655
036_054,0.0,62.14780652464923,0.0,51.41011573610781,0.0,373.12866
043_054,6.412928463782986e-05,55.614746245937326,0.0,106.20169062550434,0.0,373.12866
053_054,0.008792726435723328,76.42643521714199,0.0,95.7653381970742,0.0,94.68368391650169
066_054,0.003637993303983339,54.602197573686546,0.0,373.12866,0.0,373.12866
077_054,0.02360045896491334,76.89310730794863,0.0,96.69539802906858,0.0,96.23408959407264
001_055,0.008231041462398532,78.05126520435142,0.0,88.53247991556545,0.0,87.81628541144963
002_055,0.8635553683159356,74.53589731934466,0.9701985516820182,1.0,0.906852077915185,1.0
003_055,0.005933789695704476,62.77738446287803,0.0,116.83171656632106,0.0,115.93532679903913
017_055,0.28893883134649206,107.8591658581613,0.0074217010538815496,23.853720883753127,0.006784589290041192,23.62202362203543
039_055,0.027932140321672502,56.19608527290847,0.0005721882836034398,79.52232382020944,0.0,373.12866
054_055,0.25175791814411924,85.19448318934563,0.0,23.140850234547813,0.0,23.93741840717165
067_055,0.2797007481296758,49.51110757035367,0.0,24.43358344574123,0.0,26.851443164195103
084_055,0.013065795613625758,83.34626552500814,0.0,88.84368235046354,0.0,88.68596278394061
099_055,0.00040140491721023583,86.07554821202127,0.0,85.70297544426332,0.0,84.59905436823747
118_055,0.07511249262523885,79.724525711979,0.0,98.05100713404222,0.0,96.79359482941007
001_056,0.8108239261905773,55.545926777460515,0.9004418431170024,4.123105625617661,0.8335141450388049,3.0
002_056,0.7955069343125079,41.78516483155236,0.6569989850886095,11.704699910719626,0.04963431670638508,12.767145334803704
001_057,0.9296085278441463,2.8284271247461903,0.9522096398348391,1.4142135623730951,0.8562153277172796,1.0
002_057,0.8461231882628237,8.11477130618526,0.8361781091067862,5.477225575051661,0.0393182160993514,24.351591323771842
002_058,0.8479110265603278,59.6766259952619,0.857682195105508,3.0,0.7852435299791031,2.23606797749979
015_058,0.6019460150646341,47.97077856448055,0.5598467922119374,41.39383968526837,0.6154434250764526,37.83646673224585
027_058,8.271640679928864e-05,35.45419580247167,0.0,373.12866,0.0,373.12866
036_058,0.029760533662572673,29.427877939124322,0.0,43.3358973600409,0.0,43.70354676682432
000_059,0.5138910207214121,84.3682404699778,0.7897920604914934,4.0,0.7041420118343196,3.1622776601683795
001_059,0.8179887759745185,26.835607909472465,0.89289964299881,1.4142135623730951,0.7925101214574899,2.0
014_059,0.06291865516724805,71.2320152740325,0.0,79.21363509936332,0.0,76.51143705355429
024_059,0.8686888205846653,60.489668539346454,0.942236178828196,1.4142135623730951,0.9176203732343541,1.0
040_059,0.8652110244136997,57.02850050853682,0.9200196753566159,2.1534441853748847,0.8960241353302446,1.0
055_059,0.7433438252175523,57.355034493583425,0.0,373.12866,0.0,373.12866
068_059,0.7719981587054283,57.53129574734637,0.0,373.12866,0.0,373.12866
084_059,0.8138097949886105,59.49537784708485,0.8019131127939418,3.3166247903554,0.8142538975501113,3.1622776601683795
100_059,0.1695120108777761,41.05361978132425,0.0,69.84980923063287,0.0,70.68946173228369
116_059,0.8095736382488917,6.557438524302,0.0,373.12866,0.0,373.12866
136_059,0.8261073573573574,8.774964387392123,nan,0,nan,0
000_060,0.921075016951242,70.92249290598858,0.9383055144728502,2.449489742783178,0.8164023621524783,2.23606797749979
001_060,0.9177635157184815,42.80362066122248,0.868545883521669,3.3166247903554,0.02107220328478463,15.7797338380595
031_060,0.0,86.68909966079934,0.0,373.12866,0.0,373.12866
040_060,0.0,79.21489758877429,0.0,373.12866,nan,0
052_060,0.4688145625104696,64.32728814430156,0.0,23.280893453645632,0.0,373.12866
065_060,0.4773608750599207,66.30723846863734,0.07727272727272727,16.73320053068151,0.01115822361080116,17.934598492711253
069_060,0.6920036106701528,60.80458763171411,0.873249465938761,2.0,0.07705192629815745,15.297058540778355
070_060,0.0,64.41273166075166,0.0,90.66945125189567,0.0,85.04233927344613
088_060,0.08444096950742767,70.44359438175096,0.0,71.11258679024411,0.0,71.11258679024411
001_061,0.003024559146554261,51.254268114957995,0.0,92.62828941527529,0.0,91.53960879108725
002_061,0.003744141421570266,49.34571916590131,0.0,93.83895640518243,0.0,81.5383344850714
012_061,0.30098228406436356,39.67366884975475,0.0,72.22187635769319,0.0,71.8651512836108
022_061,0.005756754287106698,51.81698563212646,0.0,67.86751800382861,0.0,70.14805600862935
027_061,0.26642715325706723,23.430749027719962,0.0,73.60604590735934,0.0,73.71566997592845
034_061,0.22409078881604091,16.1245154965971,0.0,49.045891312137165,0.0,73.54692375692942
046_061,0.33091532427431347,21.656407827707714,0.0,49.58830507286975,0.0,68.33447144121814
054_061,0.7651861549474716,10.04987562112089,0.6460709102218536,41.6365199367977,0.6189539913488006,50.6458290484024
001_062,0.5039551440137732,89.06233754397685,0.725512914712033,13.638181696985855,0.5005437642518856,10.83741082555563
002_062,0.33277056529079585,85.91856609604235,0.12431565112922603,29.02584926950488,0.00392236033801517,26.248809496813376
015_062,0.22412456126030528,27.820855486487112,0.14868877828432808,36.82728793625183,0.0,373.12866
030_062,0.40130171530812014,22.35284962003962,0.39833172395373206,20.626435818696173,0.0,373.12866
042_062,0.4297655959320352,88.60022573334675,0.27443390748983937,13.564659966250536,0.0,373.12866
050_062,0.6289256259258986,94.49338601193207,0.5760933446096068,18.894443627691185,0.0,43.46262762420146
057_062,0.4059348446962066,29.0,0.29876672669660564,28.106938645110393,0.0009896729776247848,37.86819245752297
064_062,0.5626854742359425,22.825424421026653,0.11765865195112338,35.0,0.0,41.803108648438396
002_063,0.8163059191635147,83.12640976248163,0.8855663138932672,2.23606797749979,0.05553054179798889,12.24744871391589
015_063,0.0015507039379718424,106.82228231974825,0.0,114.67780920457172,0.0,373.12866
034_063,0.002660390872812852,93.45747683742978,0.0,110.67158622128036,0.0,373.12866
047_063,0.0934610394987441,84.52810183601665,0.03650431504811031,13.19090595827292,0.0,373.12866
077_063,0.0627248364277264,80.11242100947892,0.003290917068889864,27.367864366808018,nan,0
091_063,0.0,79.47987165389927,0.0,98.02652700079429,0.0,373.12866
105_063,0.10414367412461122,83.31266410336426,0.07280598189689098,21.238981021510707,0.0,373.12866
118_063,0.0,80.34643710553853,0.0,99.45199844493763,0.0,373.12866
123_063,0.4754200762071335,83.83525506556263,0.05238870792616721,16.15549442140351,0.003088008234688626,21.656407827707714
130_063,0.7203342077139804,75.63927545147484,0.4335039402063531,18.681541692269406,0.45558794946550046,18.16590212458495
168_063,0.42604578184976605,66.53945932371266,0.5406034242937711,14.508587504282337,0.41936467288579965,15.588457268119896
000_064,0.053683710342236415,76.22335600063802,0.0013206447853952223,90.69178573608527,0.0,88.92806064258338
002_064,0.9200864774754829,69.05468803656235,0.8588047596888918,3.7416573867739413,0.03489640130861505,20.223748416156685
020_064,0.8943585871079459,66.7184381353716,0.8599925329350899,3.1622776601683795,0.03149811271638683,34.77067730142742
033_064,0.00017557721007813187,62.837886338363965,0.0,373.12866,0.0,373.12866
049_064,0.6084608318286927,41.58485264665975,0.3211447450665238,17.029386365926403,0.0,35.566838487557476
062_064,0.01474844539540926,65.38998388549068,0.0,87.64131445842195,0.0,90.11659114724658
002_065,0.8482369589237598,39.11521443121589,0.810650725313297,4.358898943540674,0.36275571983939836,7.0710678118654755
014_065,0.5737818296133291,28.231188426986208,0.0,17.4928556845359,0.0,17.721454856800822
021_065,0.6861878936319105,29.017236257093817,0.32173613503272475,7.483314773547883,0.4453360080240722,6.938972745734173
025_065,0.536151356216787,19.235384061671343,0.8681881695388914,2.23606797749979,0.13435950952256717,6.164414002968976
029_065,0.10745399812603416,46.59720921674814,0.0,70.63850180060614,0.0,66.36414525332447
079_065,0.03892100834735667,50.049975024968795,0.0,74.96665925596525,0.0,73.60706487831179
102_065,0.007762934455011574,62.01612693485461,0.0,71.91661838546081,0.0,71.23903424387504
000_066,0.06324171533529108,56.471231613982,0.0,87.960218280766,0.0,102.16237074846153
001_066,0.8492324857896729,51.09403073761059,0.807526648860656,5.385164807134504,0.026466598377675038,20.97617696340303
016_066,0.03193361830525522,110.73481784237137,0.017478152309612985,30.757112998459398,0.03932584269662921,19.873348230698163
031_066,0.0306034917751539,92.3704497869695,0.001198162817013912,101.96568050084302,0.0031729243786356425,132.7117176096964
046_066,0.19758610065504817,95.40780858410777,0.05117053761450911,35.185224171518364,0.0018204095921582357,40.23679907746142
050_066,0.005425593191995392,78.33900688673555,0.0,103.69667304209909,0.0,103.5393641299105
068_066,0.012932333416564063,83.49970013450874,0.0,97.66473251887196,0.0,98.48832391317592
084_066,0.05009113292616634,78.28793010419933,0.0,89.35882720806042,0.0,88.48841628223947
101_066,0.008721812114470625,80.65977932030313,0.0,78.51624016196176,0.0,78.43755471674976
001_067,0.0,86.88152837155927,0.0,373.12866,0.0,373.12866
002_067,0.0,88.6388740135776,0.0,373.12866,0.0,373.12866
013_067,0.11254530756994967,52.24697255932826,0.0,373.12866,0.0,373.12866
019_067,0.8927161524933989,67.56478372643548,0.4153944258974455,18.384776310850235,0.38000935599563385,17.46424919657298
033_067,0.0019260464575688644,74.03445141213166,0.0,373.12866,0.0,373.12866
042_067,0.42425211966085424,11.40175425099138,0.2799685918687838,11.575836902790225,0.0,25.54699877775464
053_067,0.5022772740816414,9.86911265572231,0.45577416595380665,8.774964387392123,0.012502948808681292,13.076696830622021
059_067,0.6535935978788485,17.08800749063506,0.730003601872974,8.366600265340756,0.0,22.494443758403985
068_067,0.8653947011483859,5.0990195135927845,0.8947993204936654,3.7416573867739413,0.26653640595368083,9.486832980505138
073_067,0.8610706418489726,4.123105625617661,0.9204184480164322,3.0,0.5465415363225582,8.366600265340756
077_067,0.6003483836145209,43.38432872307304,0.7792964860510165,5.385164807134504,0.14117531639360345,6.48074069840786
079_067,0.5181655852765943,17.697453839697197,0.5889748549323017,9.0,0.08280992743459967,13.870764941977809
092_067,0.5075624761801056,18.193405398660254,0.3731768260793771,13.341664064126334,0.027830487033523088,18.24828759089466
109_067,0.7192904424269381,5.744562646538029,0.1470298091357495,11.445523142259598,0.008888888888888889,21.603229222674265
124_067,0.6097314890154597,9.433981132056603,0.0908445706174592,13.722200621075933,0.08336276933945602,10.488088481701515
136_067,0.718391768718895,6.6332495807108,0.0,17.21626549629678,0.0,12.780831433825401
152_067,0.7935619610898241,61.467062543438175,0.8948473153226353,9.797427325722161,0.8589179181238429,3.7416573867739413
156_067,0.8598461402422849,4.123105625617661,0.9569345769217819,1.4142135623730951,0.931281578391255,3.0
157_067,0.8017148866179524,50.57123664501837,0.40066964285714285,12.041594578792296,0.024717893605588393,12.461909271211644
167_067,0.7912455299308072,42.960446546660606,0.7412940362249119,6.6332495807108,0.7179301570588752,4.58257569495584
001_068,0.02617087254063302,73.35529974037323,0.0,51.76871642217914,0.0,52.392747589718944
002_068,0.02411343995231946,62.56196927846821,0.0002464268112370626,35.19587560554304,0.0,373.12866
004_068,0.5633201916526129,31.064449134018133,0.7842337484067066,8.54400374531753,0.023165506159614355,12.891836993734143
010_068,0.4150704924692677,17.029386365926403,0.4139937304075235,16.1245154965971,0.03273438889877246,18.788294228055936
022_068,0.02444666965919685,60.52437336100505,0.0,373.12866,0.0,373.12866
035_068,0.6277844819151365,10.63014581273465,0.3163663959076984,23.698098935217235,0.24559430071241095,23.15167380558045
047_068,0.855255658393054,9.433981132056603,0.8653526238846599,30.4138126514911,0.802000479819883,26.744157015811233
000_069,0.9341862047633777,2.449489742783178,0.9680125432030946,1.4142135623730951,0.9004125352826229,1.0
001_069,0.8749617763105159,7.14142842854285,0.7805060100131678,8.06225774829855,0.10600225313736278,13.92838827718412
004_070,0.33435387428853225,26.27926774296483,0.1931827938524942,32.87856444554719,0.014492753623188406,18.43906897607068
005_070,0.49442278860569716,25.942243542145693,0.31697553420085295,30.033314835362415,0.015299827260014807,16.15549442140351
019_070,0.3531958390956647,61.644140029689765,0.0,373.12866,nan,0
044_070,0.5541081527610091,53.68426212587819,0.0,50.94594567397276,0.0,373.12866
061_070,0.8612066799389219,42.571116628936075,0.8883059538505365,31.32091952673165,0.8596940330346803,29.430425807556272
001_071,0.928239731354153,3.0,0.9532148269309407,1.9330127018922192,0.8658962450948626,1.4142135623730951
002_071,0.006307684322687208,57.07889277132134,0.0,63.31666447310692,0.0,64.1552802850776
024_071,0.00406011275952972,58.01723881744115,0.0,85.33229149133268,0.0,85.48099203916622
027_071,0.8371106693174287,37.48466331703488,0.7018611309949893,57.380745140192126,0.3228516290157793,56.78686681478463
052_071,0.005831259319206018,47.916594202843754,0.0,63.416086169679325,0.0,62.891970750098515
058_071,0.869102362456827,11.791942794733792,0.7262223610093561,9.055385138137417,0.6193588981717761,8.48528137423857
062_071,0.04670683270031033,39.35860751448386,0.005773757531792678,46.75093554118681,0.0,48.9351609402447
001_072,0.9049957729203012,33.96321459781268,0.9346846439236268,2.8284271247461903,0.8920382674051605,1.4142135623730951
002_072,0.9343045218236901,2.8284271247461903,0.8736550315497684,4.47213595499958,0.2851650112143544,9.0
013_072,0.8421346744900811,4.242640687119285,0.8670567961513607,3.7416573867739413,0.5817480428122991,3.3166247903554
021_072,0.812845372676758,10.12413846056795,0.9069368131868132,3.0,0.7288565629228687,2.8284271247461903
029_072,0.8847359808122321,3.605551275463989,0.9097680983278772,2.449489742783178,0.8405380306162188,1.7320508075688772
037_072,0.7923306964336508,32.33264515333048,0.7268612455127205,5.196152422706632,0.734360649045821,4.358898943540674
046_072,0.8109602495430198,5.830951894845301,0.36152741889176,19.519221295943137,0.42524033544692164,19.23148235926541
055_072,0.6342393524913905,46.69047011971501,0.35725828171290064,19.949937343260004,0.47080581241743724,20.149441679609886
064_072,0.5828426153277851,33.54101966249684,0.14907643879550989,13.874425225000412,0.5942422596414992,12.24744871391589
073_072,0.5411825569614795,35.5246281971662,0.22970007315288954,12.727922061357855,0.4626692456479691,10.246950765959598
078_072,0.6546246452914503,39.30648801406709,0.3540894007417529,11.74734012447073,0.5394715513049116,9.894431223130114
090_072,0.5697584899204471,36.578682316343766,0.2911029762852141,13.341664064126334,0.6265886624974784,10.224940483511272
105_072,0.007660508978168196,54.70191936720444,0.0,84.65222974027323,0.0,86.6769863750298
120_072,0.33750210465268554,33.91164991562634,0.40969707806237243,49.0,0.37356397315872747,48.176757881783615
000_073,0.9515158602683036,2.23606797749979,0.8832301428605844,7.0,0.9327603118063084,1.0
001_073,0.4565580732662959,39.102429592034305,0.5474761534367708,17.291616465790582,0.07983175425925139,22.11334438749598
015_073,0.5631480722074835,51.7764423756346,0.5890956795864621,11.74734012447073,0.0,38.97236808207435
032_073,0.032092077268424356,98.98484732523458,0.0,53.68426212587819,0.0,373.12866
046_073,0.4504733685047337,47.97655316984462,0.38138740756344447,17.916472867168917,0.0,373.12866
060_073,0.5054655425839261,44.15370843158127,0.4571830938120366,17.72004514666935,0.0,373.12866
073_073,0.6772565800096884,38.33992686376719,0.6377151966749934,14.177446878757825,0.012150668286755772,29.267728472627564
087_073,0.7350398951512047,78.63714079664146,0.7005408819929725,13.152946437965905,0.0073542410635364,29.086079144497972
100_073,0.7357121631197567,9.486832980505138,0.5773052066097306,12.188091865921903,0.006188712137720636,24.839484696748443
119_073,0.710477645352049,17.72004514666935,0.5851802844856103,14.45683229480096,0.0007311500380807311,29.38026075276139
135_073,0.6878396486265168,18.681541692269406,0.4849564173154373,11.874342087037917,0.0024673501510188455,30.29603877174129
155_073,0.6610351712486561,22.02271554554524,0.48068246806888226,15.709838584024183,0.0012262833395782948,36.12962712835981
169_073,0.6960758856846103,11.0,0.4934865900383142,15.652475842498529,0.0,22.30134268779266
186_073,0.6131872482528317,14.730919862656235,0.43537845421166127,20.904544960366874,0.0,34.33729118645737
202_073,0.6816018717750527,20.499997281110197,0.5241519854689369,16.431676725154983,0.0007261205360089775,31.843366656181317
216_073,0.4894466151580336,33.97057550292606,0.13435507179126838,61.84658438426491,0.31131895399885473,56.43580423808985
228_073,0.44532376761214454,28.6705423736629,0.11611820355017548,42.967424232880305,0.0633662426428707,45.53240583045162
242_073,0.5694263744653667,20.615528128088304,0.25378823091940134,24.413111231467404,0.0010842291131005855,35.510561809129406
002_074,0.6394536938933669,21.529040736454682,0.6460243954114834,17.146428199482248,0.02394413036248753,31.515065521716007
014_074,0.22818158211562523,44.31703961232068,0.34522099967318,23.45207879911715,0.29345238095238096,28.872124421379272
026_074,0.31185912579331126,53.615762423134036,0.3805216458097775,16.97056274847714,0.0028680688336520078,19.80529930531725
039_074,0.09290451758228006,36.06244517419138,0.0,102.88828893513586,0.0,101.85087134735781
000_075,0.7823692703513959,68.99855034412259,0.8256812243374393,2.8284271247461903,0.6850892343120323,2.23606797749979
002_075,0.8128937459821839,68.4178339323893,0.7598476734499583,3.7416573867739413,0.49564586357039186,5.0990195135927845
020_075,0.0007330930417252122,84.01220148477023,0.0,83.17751606117382,0.0,80.80222769206304
032_075,0.8551527982029444,48.84669896727925,0.8359626529298133,4.123105625617661,0.5567562818485328,4.58257569495584
044_075,0.007631708517971443,55.6426095068674,0.0,71.50594131477052,0.0,92.14336606899636
001_076,0.4327266192591071,75.5288020352191,0.5190704138357011,20.32723512239914,0.0,31.78049716414141
000_077,0.00900943720063161,56.16048432839589,0.0,76.2417208168748,0.0,75.48973434041909
001_077,0.007462148645726426,56.753854494650845,0.0,74.87322618933953,0.0,75.8069916156198
014_077,0.017911095833408715,69.77822009767804,0.0,85.35689775589107,0.0,86.70524733187892
026_077,0.003772642791755666,39.102429592034305,0.0,373.12866,0.0,373.12866
033_077,0.007623736822251782,65.29931086925804,0.0,89.55110268733846,0.0,88.60022573334675
048_077,0.005870753786860267,70.15090871487921,0.0,75.50496672405067,0.0,75.92101072733058
062_077,0.0012031505756935604,56.60388679233962,0.0,62.94441992742486,0.0,62.81719509815764
070_077,0.0018011932905549926,55.37102126678036,0.0,59.38475569966669,0.0,57.99784466739798
083_077,0.007997923842778277,42.07136793592526,0.0,92.3260523609941,0.0,88.27230523591894
000_078,0.9301337009751124,2.449489742783178,0.9542664456764016,2.0,0.9174033846931043,1.0
001_078,0.014291617042996379,62.928530890209096,0.0,70.55210788950765,0.0,69.8541335012209
005_078,0.7727299545695911,45.35416188179427,0.7827020695040999,4.00615528128085,0.7769333929369692,2.449489742783178
019_078,0.9070707532087882,39.408120990476064,0.890961262553802,2.23606797749979,0.8905683192261185,3.0
029_078,0.0,64.46549419846373,0.0,60.01083223404538,0.0,59.49537743164978
037_078,0.0,61.1228271597445,0.0,373.12866,0.0,373.12866
039_078,0.9025372015844128,3.3166247903554,0.8191157797529725,3.0,0.8285870755750274,2.23606797749979
041_078,0.866130604288499,3.605551275463989,0.6811045809516142,5.0990195135927845,0.8131033734678381,3.3166247903554
045_078,0.7263032832014836,60.00833275470999,0.8393501805054152,2.449489742783178,0.7258064516129032,2.23606797749979
056_078,0.7543372788884484,44.39200345937054,0.5893909626719057,16.76305461424021,0.6414318041555236,15.984159535849763
062_078,0.7626620570440795,46.93825688247437,0.8330867120449837,16.278820596099706,0.8278571428571428,15.066519173319364
076_078,0.0,61.431262313253505,0.0,62.86016043359122,0.0,62.743923623848794
088_078,0.0,58.83026432033091,0.0,68.82949479374317,0.0,67.63135367564367
106_078,0.013591644519046953,49.84977432245807,0.0,80.62939715201198,0.0,71.47027217122272
113_078,0.8778401305834554,3.3166247903554,0.5906421670770979,13.000288440733815,0.6151636990235497,10.63014581273465
116_078,0.8475877300613497,4.358898943540674,0.6930072122922546,4.69041575982343,0.8233621349666411,2.8284271247461903
119_078,0.006775832862789385,57.224557513631645,0.0,67.31121660472239,0.0,66.86067510452907
001_079,0.6641024809469759,10.63014581273465,0.13150375803017345,20.639767440550294,0.01345565749235474,36.32904297051517
014_079,0.8013289276492787,7.810249675906654,0.736509940044178,5.385164807134504,0.3354110314006821,4.358898943540674
000_080,0.860999793655448,85.42979570136784,0.9269575468133662,2.23606797749979,0.8749496666815803,1.7320508075688772
001_080,0.8309923831771037,5.744562646538029,0.6355186312412602,10.198039027185569,0.01871750433275563,21.470910553583888
018_080,0.0,88.24426289719725,0.0,373.12866,0.0,373.12866
001_081,0.9007879745003845,65.79513659838392,0.9496188295567194,2.8284271247461903,0.8763121719570107,2.0
002_081,0.8441415524322825,59.87987927041035,0.9165429343006049,2.8284271247461903,0.14429453464440886,12.083045973594572
006_081,0.8334084581731407,6.164414002968976,0.8988861192615826,4.898979485566356,0.7924463584740272,3.5206814792679397
001_082,0.9438708640086533,2.23606797749979,0.9371632087108951,3.1622776601683795,0.8666576418031677,2.0
002_082,0.9209425100914942,3.0,0.8475323244434363,3.0,0.2692612853384558,7.810249675906654
003_082,0.7350640066720502,95.61014587509507,0.8275422509149225,4.69041575982343,0.48922434254248554,5.0
000_083,0.9401341828601508,3.0,0.9064845557111612,2.8284271247461903,0.8851721266455237,2.23606797749979
002_083,0.03939741956322788,83.06021911842033,0.0,65.30696746902278,0.0,65.30696746902278
002_084,0.08733975118951645,56.83308895353129,0.0,63.66631721865594,0.0,100.12741872882151
012_084,0.09958121746713783,78.10281683814891,0.03724108066495056,40.607881008493905,0.005691604882797873,39.87480407475377
001_085,0.011017951198538106,52.99056519796708,0.0,373.12866,0.0,373.12866
002_085,0.926947310747877,46.238504501913944,0.6789496140568636,11.180339887498949,0.18114233907524932,9.16515138991168
018_085,0.9207032948826807,2.23606797749979,0.9238867073272621,2.23606797749979,0.8907832714873132,1.4142135623730951
025_085,0.944296749174798,2.0,0.7881638252008623,6.082762530298219,0.8608272506082725,5.196152422706632
042_085,0.006312813037712482,61.48983655857283,0.0,82.66196223173026,0.0,83.32076521625763
050_085,0.007126021403453835,62.37788069500277,0.0,72.69215909551875,0.0,72.0
000_086,0.9135475684684848,50.39841267341661,0.9605500317880621,2.0,0.9198212456940694,1.4142135623730951
001_086,0.07390962490171593,77.57448029701983,0.0,75.67628371889882,0.0,75.21801640374824
156_086,0.7950328944504581,6.4031242374328485,0.8931998331247393,4.123105625617661,0.7928826582193166,2.449489742783178
169_086,0.8121726280791102,7.874007874011811,0.9282248506397698,3.0,0.7717950867778989,2.23606797749979
172_086,0.7153397835261692,73.49795914038386,0.7903456155384176,8.06225774829855,0.4275175539952004,5.385164807134504
173_086,0.008853803425778912,61.032778078668514,0.0,95.10520490488415,0.0,76.01184090957891
181_086,0.5851116119596231,22.9128784747792,0.19903910242168407,26.645825188948457,0.3526790340967976,17.46424919657298
001_087,0.9084587943648347,2.449489742783178,0.9484779980022081,1.4142135623730951,0.9068134791605085,1.4142135623730951
002_087,0.8236718387441738,44.59147866831175,0.4921046429413151,7.0,0.21184510250569477,8.3186191434026
024_087,0.033433066881019366,68.00735254367721,0.0,57.771963546737005,0.0,52.896124621752776
001_088,0.04399041815898414,65.49389273493551,0.0,95.90099061010788,0.0,94.38167180240019
002_088,0.018295920521497706,66.27141155266284,0.0,70.15981624230037,0.0,62.32976816898969
001_089,0.8873949152650074,21.863211109075447,0.9584742323819829,1.4142135623730951,0.8773208722741433,1.0
002_089,0.8325088973499533,20.83266665599966,0.46985244348179234,14.142135623730951,0.02823570676955454,17.74823934929885
045_089,0.605848340273756,14.352700094407323,0.30297050056532016,27.61520466132329,0.3578047468165242,25.25866188063018
046_089,0.027885039002772956,69.26037828369117,0.0,112.47221879201993,0.0,114.46833523328507
056_089,0.22381740178896897,74.1113988696842,0.05958092924385059,21.79449471770337,0.42739079102715466,11.678808600206056
064_089,0.5096427603036876,50.558875641209426,0.4844281544235454,13.45362404707371,0.04362790697674419,15.652475842498529
001_090,0.00978886256541095,55.21775076911409,0.0,373.12866,0.0,373.12866
002_090,0.05208621390809272,35.86084215408221,0.0,373.12866,0.0,373.12866
029_090,0.00034802447772159975,37.48666385061331,0.0,373.12866,0.0,373.12866
000_091,0.89773509927212,35.81898937714463,0.9132051657688927,2.23606797749979,0.5862110263882789,3.1622776601683795
001_091,0.7828386965927528,12.36931687685298,0.5699065298385515,6.4031242374328485,0.03813229571984436,20.346989949375804
014_091,0.6494396459418945,7.615773105863909,0.015594958342234566,15.825604348452725,0.00792910447761194,21.938548059652955
026_091,0.000663839203392956,60.56442847714309,0.0,373.12866,0.0,373.12866
036_091,0.25490605032138186,47.647664274881784,0.0,59.60703061376394,0.0,373.12866
043_091,0.5451369937779719,19.519221295943137,0.0,32.198590538503346,0.0,30.547503430792982
